"","abbrev","site","standunique","fstype","fstypename","stockdens","siteage","logged","year","jd","time","temp","obs","firstyr","X1","X2","X3","W1","W2","W3","W4","W5","W6","W7","W8","W9","N","year.unscale","temp.unscale","jd.unscale","time.unscale","siteage.unscale"
"58","OVEN","1","235","029","Red pine","9",-0.561287683032346,0,-0.867930659853561,-1.09157675201459,-0.606378969952463,-0.505207314515469,"79",0,1,0,0,1,0,0,0,0,0,0,0,0,1,"2009",55,175,6.11666666666667,89
"64","OVEN","1","235","029","Red pine","9",-0.391385187877163,0,0.881707336994224,0.330758208715772,1.16823815486554,0.751937568256145,"92",1,0,2,2,0,0,1,1,0,2,0,0,0,4,"2012",64,180,8.26666666666667,92
"65","OVEN","1","235","029","Red pine","9",-0.504653517980618,0,-0.284717994237633,0.330758208715772,-1.63813311228851,-2.32108325629669,"85",1,0,0,1,0,0,0,0,0,0,0,1,0,1,"2010",42,180,4.86666666666667,90
"69","OVEN","1","235","029","Red pine","9",-0.334751022825435,0,1.46492000261015,-2.22944472059888,-1.28045834294535,-0.365524549763067,"92",0,2,0,2,2,0,0,0,2,0,0,0,0,4,"2013",56,171,5.3,93
"70","OVEN","1","235","029","Red pine","9",-0.617921848084074,0,-1.45114332546949,-0.807109759868518,0.0401869592447953,0.472572038751342,"78",1,2,0,0,2,0,0,0,0,0,0,0,0,2,"2008",62,176,6.9,88
"71","OVEN","1","235","029","Red pine","9",-0.448019352928891,0,0.298494671378296,0.0462912165696997,-1.63813311228851,-1.20362113827748,"86",1,2,0,0,2,0,0,0,0,0,0,0,0,2,"2011",50,179,4.86666666666667,91
"80","OVEN","2","235","029","Red pine","9",-0.504653517980618,0,-0.284717994237633,0.330758208715772,-1.45929572761693,-2.32108325629669,"85",1,2,0,0,0,2,0,0,0,0,0,0,0,2,"2010",42,180,5.08333333333333,90
"81","OVEN","2","235","029","Red pine","9",-0.448019352928891,0,0.298494671378296,0.0462912165696997,-1.44553900571912,-1.20362113827748,"86",1,2,0,0,2,0,0,0,0,0,0,0,0,2,"2011",50,179,5.1,91
"82","OVEN","2","235","029","Red pine","9",-0.391385187877163,0,0.881707336994224,0.330758208715772,1.44337259282182,1.03130309776095,"92",1,5,0,0,4,1,0,0,0,0,0,0,0,5,"2012",66,180,8.6,92
"84","OVEN","2","235","029","Red pine","9",-0.617921848084074,0,-1.45114332546949,-0.807109759868518,-0.138650425426787,0.472572038751342,"78",1,3,1,0,2,1,0,1,0,0,0,0,0,4,"2008",62,176,6.68333333333333,88
"86","OVEN","2","235","029","Red pine","9",-0.334751022825435,0,1.46492000261015,-2.22944472059888,-1.07410751447814,-0.365524549763067,"92",0,2,1,0,1,1,1,0,0,0,0,0,0,3,"2013",56,171,5.55,93
"87","OVEN","2","235","029","Red pine","9",-0.561287683032346,0,-0.867930659853561,-1.09157675201459,-0.785216354624045,-0.225841785010666,"79",0,4,0,0,4,0,0,0,0,0,0,0,0,4,"2009",57,175,5.9,89
"100","OVEN","3","235","029","Red pine","9",-0.561287683032346,0,-0.867930659853561,-1.09157675201459,-1.18416128966065,-0.505207314515469,"79",0,0,1,0,0,0,1,0,0,0,0,0,0,1,"2009",55,175,5.41666666666667,89
"103","OVEN","3","235","029","Red pine","9",-0.448019352928891,0,0.298494671378296,0.0462912165696997,-1.25294489914972,-1.06393837352508,"86",1,2,1,0,2,0,0,1,0,0,0,0,0,3,"2011",51,179,5.33333333333333,91
"107","OVEN","3","235","029","Red pine","9",-0.504653517980618,0,-0.284717994237633,0.330758208715772,-1.18416128966065,-2.32108325629669,"85",1,3,0,1,2,1,0,0,0,0,1,0,0,4,"2010",42,180,5.41666666666667,90
"108","OVEN","3","235","029","Red pine","9",-0.617921848084074,0,-1.45114332546949,-0.807109759868518,-0.358757975791811,0.472572038751342,"78",1,2,0,1,2,0,0,0,1,0,0,0,0,3,"2008",62,176,6.41666666666667,88
"172","OVEN","7","236","028","Red pine","8",1.30763976367467,1,0.881707336994224,0.330758208715772,-0.0148399283464612,-0.0861590202582643,"92",1,3,0,1,3,0,0,0,0,0,0,0,1,4,"2012",58,180,6.83333333333333,122
"175","OVEN","7","236","028","Red pine","8",1.19437143357121,1,-0.284717994237633,0.330758208715772,-0.248704200609299,-2.74013155055389,"85",1,1,0,1,1,0,0,0,0,1,0,0,0,2,"2010",39,180,6.55,120
"177","OVEN","7","236","028","Red pine","8",1.36427392872639,1,1.46492000261015,-2.22944472059888,0.0814571249382372,-0.0861590202582643,"92",0,4,1,0,4,0,1,0,0,0,0,0,0,5,"2013",58,171,6.95,123
"179","OVEN","7","236","028","Red pine","8",1.08110310346776,1,-1.45114332546949,-0.807109759868518,0.617969278952983,1.03130309776095,"78",1,0,0,0,0,0,0,0,0,0,0,0,0,0,"2008",66,176,7.6,118
"181","OVEN","7","236","028","Red pine","8",1.25100559862294,1,0.298494671378296,0.0462912165696997,-0.386271419587439,-0.924255608772674,"86",1,0,0,0,0,0,0,0,0,0,0,0,0,0,"2011",52,179,6.38333333333333,121
"183","OVEN","7","236","028","Red pine","8",1.13773726851948,1,-0.867930659853561,-1.09157675201459,-0.221190756813671,-0.784572844020272,"79",0,1,0,0,1,0,0,0,0,0,0,0,0,1,"2009",53,175,6.58333333333333,119
"190","OVEN","8","236","028","Red pine","8",1.13773726851948,0,-0.867930659853561,-1.09157675201459,-0.0285966502442752,-0.225841785010666,"79",0,2,1,0,2,0,0,1,0,0,0,0,0,3,"2009",57,175,6.81666666666667,119
"193","OVEN","8","236","028","Red pine","8",1.19437143357121,0,-0.284717994237633,0.330758208715772,0.136484012529493,-2.60044878580149,"85",1,2,0,0,2,0,0,0,0,0,0,0,0,2,"2010",40,180,7.01666666666667,120
"194","OVEN","8","236","028","Red pine","8",1.36427392872639,0,1.46492000261015,-2.22944472059888,0.329078119098889,0.33288927399894,"92",0,2,2,0,2,0,1,1,0,0,0,0,0,4,"2013",61,171,7.25,123
"200","OVEN","8","236","028","Red pine","8",1.08110310346776,0,-1.45114332546949,-0.807109759868518,0.865590273113635,1.03130309776095,"78",1,2,0,0,2,0,0,0,0,0,0,0,0,2,"2008",66,176,7.9,118
"201","OVEN","8","236","028","Red pine","8",1.30763976367467,0,0.881707336994224,0.330758208715772,0.329078119098889,0.193206509246539,"92",1,3,1,0,2,1,0,1,0,0,0,0,0,4,"2012",60,180,7.25,122
"206","OVEN","8","236","028","Red pine","8",1.25100559862294,0,0.298494671378296,0.0462912165696997,-0.152407147324601,-0.784572844020272,"86",1,4,0,0,4,0,0,0,0,0,0,0,0,4,"2011",53,179,6.66666666666667,121
"938","OVEN","49","281","027","Red pine","7",-1.24089766365308,1,1.46492000261015,0.615225200861845,-1.21167473345628,-1.48298666778228,"92",0,1,1,0,1,0,0,1,0,0,0,0,0,2,"2013",48,181,5.38333333333333,77
"940","OVEN","49","281","027","Red pine","7",-1.35416599375653,1,0.298494671378296,0.899692193007918,-0.661405857543719,2.28844798053256,"86",1,2,0,0,2,0,0,0,0,0,0,0,0,2,"2011",75,182,6.05,75
"946","OVEN","49","281","027","Red pine","7",-1.46743432385999,1,-0.867930659853561,1.46862617730006,0.934373882602705,0.751937568256145,"79",0,0,0,0,0,0,0,0,0,0,0,0,0,0,"2009",64,184,7.98333333333333,73
"947","OVEN","49","281","027","Red pine","7",-1.29753182870481,1,0.881707336994224,1.18415918515399,-0.606378969952463,0.612254803503743,"79",0,0,0,0,0,0,0,0,0,0,0,0,0,0,"2012",63,183,6.11666666666667,76
"950","OVEN","49","281","027","Red pine","7",-1.52406848891172,1,-1.45114332546949,-0.238175775576373,0.177754178222935,-0.365524549763067,"75",1,1,0,2,1,0,0,0,1,0,0,1,0,3,"2008",56,178,7.06666666666667,72
"1409","OVEN","75","248","029","Red pine","9",0.401493122847024,0,-1.45114332546949,0.0462912165696997,0.466645338077029,1.31066862726575,"78",1,3,0,1,3,0,0,0,1,0,0,0,0,4,"2008",68,179,7.41666666666667,106
"1419","OVEN","75","248","029","Red pine","9",0.684663948105663,0,1.46492000261015,0.330758208715772,0.315321397201075,0.0535237444941372,"92",0,2,0,0,2,0,0,0,0,0,0,0,0,2,"2013",59,180,7.23333333333333,111
"1423","OVEN","75","248","029","Red pine","9",0.628029783053935,0,0.881707336994224,1.18415918515399,-0.578865526156835,0.612254803503743,"87",0,4,1,1,4,0,1,0,0,1,0,0,0,6,"2012",63,183,6.15,110
"1424","OVEN","75","248","029","Red pine","9",0.458127287898752,0,-0.867930659853561,0.899692193007918,-0.647649135645905,-0.924255608772674,"80",1,2,1,0,2,0,1,0,0,0,0,0,0,3,"2009",52,182,6.06666666666667,107
"1425","OVEN","75","248","029","Red pine","9",0.51476145295048,0,-0.284717994237633,0.899692193007918,0.163997456325121,0.612254803503743,"84",1,1,0,0,1,0,0,0,0,0,0,0,0,1,"2010",63,182,7.05,108
"1426","OVEN","75","248","029","Red pine","9",0.571395618002208,0,0.298494671378296,1.18415918515399,-0.578865526156835,0.33288927399894,"84",0,2,1,0,2,0,0,1,0,0,0,0,0,3,"2011",61,183,6.15,109
"1437","OVEN","76","248","029","Red pine","9",0.684663948105663,0,1.46492000261015,0.330758208715772,0.0814571249382372,0.0535237444941372,"92",0,2,0,1,1,1,0,0,0,0,0,0,1,3,"2013",59,180,6.95,111
"1439","OVEN","76","248","029","Red pine","9",0.458127287898752,0,-0.867930659853561,0.899692193007918,-0.386271419587439,-0.784572844020272,"80",1,2,2,0,2,0,1,1,0,0,0,0,0,4,"2009",53,182,6.38333333333333,107
"1440","OVEN","76","248","029","Red pine","9",0.571395618002208,0,0.298494671378296,1.18415918515399,-0.345001253893997,0.472572038751342,"84",0,3,0,0,3,0,0,0,0,0,0,0,0,3,"2011",62,183,6.43333333333333,109
"1442","OVEN","76","248","029","Red pine","9",0.51476145295048,0,-0.284717994237633,0.899692193007918,0.384105006690145,0.612254803503743,"84",1,2,1,0,2,0,1,0,0,0,0,0,0,3,"2010",63,182,7.31666666666667,108
"1444","OVEN","76","248","029","Red pine","9",0.628029783053935,0,0.881707336994224,1.18415918515399,-0.248704200609299,0.612254803503743,"87",0,2,0,0,2,0,0,0,0,0,0,0,0,2,"2012",63,183,6.55,110
"1446","OVEN","76","248","029","Red pine","9",0.401493122847024,0,-1.45114332546949,0.0462912165696997,0.700509610339867,1.31066862726575,"78",1,1,0,0,0,1,0,0,0,0,0,0,0,1,"2008",68,179,7.7,106
"1447","OVEN","77","248","029","Red pine","9",-0.504653517980618,0,-1.45114332546949,0.0462912165696997,0.920617160704891,1.31066862726575,"78",1,3,0,0,3,0,0,0,0,0,0,0,0,3,"2008",68,179,7.96666666666667,90
"1452","OVEN","77","248","029","Red pine","9",-0.22148269272198,0,1.46492000261015,0.330758208715772,-0.166163869222415,0.0535237444941372,"92",0,4,0,1,4,0,0,0,0,1,0,0,0,5,"2013",59,180,6.65,95
"1455","OVEN","77","248","029","Red pine","9",-0.278116857773708,0,0.881707336994224,1.18415918515399,-0.0148399283464612,0.612254803503743,"87",0,1,1,2,1,0,0,1,0,1,0,1,0,4,"2012",63,183,6.83333333333333,94
"1457","OVEN","77","248","029","Red pine","9",-0.391385187877163,0,-0.284717994237633,0.899692193007918,0.604212557055169,0.612254803503743,"84",1,4,0,0,3,1,0,0,0,0,0,0,0,4,"2010",63,182,7.58333333333333,92
"1460","OVEN","77","248","029","Red pine","9",-0.448019352928891,0,-0.867930659853561,0.899692193007918,-0.179920591120229,-0.924255608772674,"80",1,5,0,0,4,1,0,0,0,0,0,0,0,5,"2009",52,182,6.63333333333333,91
"1462","OVEN","77","248","029","Red pine","9",-0.334751022825435,0,0.298494671378296,1.18415918515399,-0.111136981631159,0.33288927399894,"84",0,2,0,0,2,0,0,0,0,0,0,0,0,2,"2011",61,183,6.71666666666667,93
"2798","OVEN","155","201","029","Red pine","9",0.118322297588386,0,0.298494671378296,-0.807109759868518,-0.0836235378355309,1.59003415677055,"87",1,3,0,0,3,0,0,0,0,0,0,0,0,3,"2011",70,176,6.75,101
"2807","OVEN","155","201","029","Red pine","9",0.231590627691841,0,1.46492000261015,-2.22944472059888,-0.193677313018043,-1.20362113827748,"87",0,2,0,2,2,0,0,0,0,1,1,0,0,4,"2013",50,171,6.61666666666667,103
"2809","OVEN","155","201","029","Red pine","9",0.00505396748493073,0,-0.867930659853561,1.75309316944614,-0.289974366302741,-1.06393837352508,"81",1,4,0,0,3,1,0,0,0,0,0,0,0,4,"2009",51,185,6.5,99
"2810","OVEN","155","201","029","Red pine","9",-0.0515801975667969,0,-1.45114332546949,0.899692193007918,-0.193677313018043,-0.972539665076493,"79",1,5,0,0,4,1,0,0,0,0,0,0,0,5,"2008",51.6543306084369,182,6.61666666666667,98
"2811","OVEN","155","201","029","Red pine","9",0.0616881325366584,0,-0.284717994237633,0.0462912165696997,-0.262460922507113,-0.64489007926787,"85",1,1,2,1,1,0,0,2,0,0,0,1,0,4,"2010",54,179,6.53333333333333,100
"2814","OVEN","155","201","029","Red pine","9",0.174956462640114,0,0.881707336994224,0.330758208715772,0.494158781872657,1.03130309776095,"91",1,1,1,1,1,0,0,1,0,0,1,0,0,3,"2012",66,180,7.45,102
"2817","OVEN","156","201","029","Red pine","9",1.87398141419194,0,-0.284717994237633,0.0462912165696997,-0.0423533721420891,-0.64489007926787,"85",1,3,0,1,2,1,0,0,1,0,0,0,0,4,"2010",54,179,6.8,132
"2821","OVEN","156","201","029","Red pine","9",2.04388390934713,0,1.46492000261015,-2.22944472059888,-0.0148399283464612,-1.20362113827748,"87",0,2,1,1,2,0,0,1,1,0,0,0,0,4,"2013",50,171,6.83333333333333,135
"2825","OVEN","156","201","029","Red pine","9",1.9872497442954,0,0.881707336994224,0.330758208715772,0.700509610339867,1.59003415677055,"91",1,1,1,0,1,0,1,0,0,0,0,0,0,2,"2012",70,180,7.7,134
"2827","OVEN","156","201","029","Red pine","9",1.93061557924367,0,0.298494671378296,-0.807109759868518,0.0952138468360511,1.59003415677055,"87",1,2,0,0,2,0,0,0,0,0,0,0,0,2,"2011",70,176,6.96666666666667,133
"2830","OVEN","156","201","029","Red pine","9",1.81734724914022,0,-0.867930659853561,1.75309316944614,-0.111136981631159,-0.924255608772674,"81",1,4,0,1,4,0,0,0,0,0,0,0,1,5,"2009",52,185,6.71666666666667,131
"2831","OVEN","156","201","029","Red pine","9",1.76071308408849,0,-1.45114332546949,0.899692193007918,-0.0148399283464612,-0.881087996266247,"79",1,4,1,0,3,1,0,1,0,0,0,0,0,5,"2008",52.3090403643065,182,6.83333333333333,130
"2835","OVEN","157","201","029","Red pine","9",1.93061557924367,0,0.298494671378296,-0.807109759868518,0.287807953405447,0.0535237444941372,"87",1,3,0,0,3,0,0,0,0,0,0,0,0,3,"2011",59,176,7.2,133
"2836","OVEN","157","201","029","Red pine","9",2.04388390934713,0,1.46492000261015,-2.22944472059888,0.177754178222935,-1.20362113827748,"87",0,2,1,3,2,0,1,0,2,0,0,0,1,6,"2013",50,171,7.06666666666667,135
"2838","OVEN","157","201","029","Red pine","9",1.9872497442954,0,0.881707336994224,0.330758208715772,0.893103716909263,1.45035139201815,"91",1,1,0,1,1,0,0,0,1,0,0,0,0,2,"2012",69,180,7.93333333333333,134
"2839","OVEN","157","201","029","Red pine","9",1.87398141419194,0,-0.284717994237633,0.0462912165696997,0.122727290631679,-0.64489007926787,"85",1,1,0,1,1,0,0,0,0,1,0,0,0,2,"2010",54,179,7,132
"2843","OVEN","157","201","029","Red pine","9",1.76071308408849,0,-1.45114332546949,0.899692193007918,0.150240734427307,-0.796671071210636,"79",1,5,0,0,3,2,0,0,0,0,0,0,0,5,"2008",52.9133878312632,182,7.03333333333333,130
"2845","OVEN","157","201","029","Red pine","9",1.81734724914022,0,-0.867930659853561,1.75309316944614,0.0539436811426093,-1.06393837352508,"81",1,3,0,0,3,0,0,0,0,0,0,0,0,3,"2009",51,185,6.91666666666667,131
"2856","OVEN","158","203","029","Red pine","9",0.00505396748493073,0,-0.867930659853561,1.75309316944614,-0.455055029076509,-1.06393837352508,"81",1,2,0,0,2,0,0,0,0,0,0,0,0,2,"2009",51,185,6.3,99
"2858","OVEN","158","203","029","Red pine","9",-0.0515801975667969,0,-1.45114332546949,0.899692193007918,-0.826486520317487,-1.29613787778967,"79",1,2,2,0,2,0,2,0,0,0,0,0,0,4,"2008",49.3376653184365,182,5.85,98
"2864","OVEN","158","203","029","Red pine","9",0.174956462640114,0,0.881707336994224,0.330758208715772,1.14072471106991,1.72971692152296,"91",1,2,0,0,2,0,0,0,0,0,0,0,0,2,"2012",71,180,8.23333333333333,102
"2866","OVEN","158","203","029","Red pine","9",0.231590627691841,0,1.46492000261015,-2.22944472059888,-0.881513407908743,-1.20362113827748,"87",0,3,0,1,3,0,0,0,0,1,0,0,0,4,"2013",50,171,5.78333333333333,103
"2867","OVEN","158","203","029","Red pine","9",0.118322297588386,0,0.298494671378296,-0.807109759868518,0.535428947566099,0.0535237444941372,"87",1,2,0,0,2,0,0,0,0,0,0,0,0,2,"2011",59,176,7.5,101
"2868","OVEN","158","203","029","Red pine","9",0.0616881325366584,0,-0.284717994237633,0.0462912165696997,0.356591562894517,-0.64489007926787,"85",1,1,0,1,1,0,0,0,0,0,0,0,1,2,"2010",54,179,7.28333333333333,100
"2874","OVEN","159","203","029","Red pine","9",0.231590627691841,0,1.46492000261015,-2.22944472059888,-0.688919301339347,-1.20362113827748,"87",0,2,1,2,2,0,1,0,0,1,1,0,0,5,"2013",50,171,6.01666666666667,103
"2876","OVEN","159","203","029","Red pine","9",0.174956462640114,0,0.881707336994224,0.330758208715772,1.33331881763931,1.72971692152296,"91",1,1,1,1,1,0,1,0,1,0,0,0,0,3,"2012",71,180,8.46666666666667,102
"2877","OVEN","159","203","029","Red pine","9",0.118322297588386,0,0.298494671378296,-0.807109759868518,0.728023054135495,0.0535237444941372,"87",1,5,0,0,5,0,0,0,0,0,0,0,0,5,"2011",59,176,7.73333333333333,101
"2879","OVEN","159","203","029","Red pine","9",0.0616881325366584,0,-0.284717994237633,0.0462912165696997,0.535428947566099,-0.64489007926787,"85",1,2,1,1,2,0,1,0,0,0,1,0,0,4,"2010",54,179,7.5,100
"2883","OVEN","159","203","029","Red pine","9",0.00505396748493073,0,-0.867930659853561,1.75309316944614,-0.647649135645905,-1.34330390302988,"81",1,1,0,0,1,0,0,0,0,0,0,0,0,1,"2009",49,185,6.06666666666667,99
"2886","OVEN","159","203","029","Red pine","9",-0.0515801975667969,0,-1.45114332546949,0.899692193007918,-0.647649135645905,-1.20468620897943,"79",1,2,2,0,2,0,0,2,0,0,0,0,0,4,"2008",49.9923750743061,182,6.06666666666667,98
"2895","OVEN","160","203","029","Red pine","9",-0.0515801975667969,0,-0.284717994237633,0.0462912165696997,0.741779776033309,-0.64489007926787,"85",1,2,0,2,1,1,0,0,1,0,1,0,0,4,"2010",54,179,7.75,98
"2896","OVEN","160","203","029","Red pine","9",0.00505396748493073,0,0.298494671378296,-0.807109759868518,0.920617160704891,0.0535237444941372,"87",1,3,0,1,3,0,0,0,1,0,0,0,0,4,"2011",59,176,7.96666666666667,99
"2897","OVEN","160","203","029","Red pine","9",0.118322297588386,0,1.46492000261015,-2.22944472059888,-0.482568472872137,-1.20362113827748,"87",0,2,2,0,1,1,1,1,0,0,0,0,0,4,"2013",50,171,6.26666666666667,101
"2899","OVEN","160","203","029","Red pine","9",-0.164848527670252,0,-1.45114332546949,0.899692193007918,-0.455055029076509,-1.10619979641454,"79",1,3,0,0,3,0,0,0,0,0,0,0,0,3,"2008",50.6974471190889,182,6.3,96
"2901","OVEN","160","203","029","Red pine","9",-0.108214362618525,0,-0.867930659853561,1.75309316944614,-0.826486520317487,-1.34330390302988,"81",1,2,2,0,2,0,0,2,0,0,0,0,0,4,"2009",49,185,5.85,97
"2908","OVEN","160","203","029","Red pine","9",0.0616881325366584,0,0.881707336994224,0.330758208715772,1.52591292420871,1.59003415677055,"91",1,2,0,0,2,0,0,0,0,0,0,0,0,2,"2012",70,180,8.7,100
"2919","OVEN","161","204","029","Red pine","9",0.00505396748493073,0,-0.867930659853561,1.75309316944614,-1.00532390498907,-1.48298666778228,"81",1,1,1,1,1,0,1,0,0,0,1,0,0,3,"2009",48,185,5.63333333333333,99
"2922","OVEN","161","204","029","Red pine","9",0.0616881325366584,0,-0.284717994237633,0.0462912165696997,1.45712931471964,-0.505207314515469,"85",1,1,0,1,1,0,0,0,0,1,0,0,0,2,"2010",55,179,8.61666666666667,100
"2923","OVEN","161","204","029","Red pine","9",-0.0515801975667969,0,-1.45114332546949,0.899692193007918,-1.14289112396721,-1.45793698414626,"79",1,3,0,1,2,1,0,0,1,0,0,0,0,4,"2008",48.1793326734363,182,5.46666666666667,98
"2925","OVEN","161","204","029","Red pine","9",0.231590627691841,0,1.46492000261015,-2.22944472059888,-1.6243763903907,-1.20362113827748,"87",0,3,1,0,3,0,0,1,0,0,0,0,0,4,"2013",50,171,4.88333333333333,103
"2926","OVEN","161","204","029","Red pine","9",0.174956462640114,0,0.881707336994224,0.330758208715772,2.24126246289503,2.14876521578016,"91",1,3,0,0,2,1,0,0,0,0,0,0,0,3,"2012",74,180,9.56666666666667,102
"2927","OVEN","161","204","029","Red pine","9",0.118322297588386,0,0.298494671378296,-0.807109759868518,1.64972342128903,0.0535237444941372,"87",1,2,0,0,2,0,0,0,0,0,0,0,0,2,"2011",59,176,8.85,101
"2929","OVEN","162","204","029","Red pine","9",0.0616881325366584,0,-0.284717994237633,0.0462912165696997,1.26453520815024,-0.64489007926787,"85",1,1,1,0,1,0,0,1,0,0,0,0,0,2,"2010",54,179,8.38333333333333,100
"2931","OVEN","162","204","029","Red pine","9",-0.0515801975667969,0,-1.45114332546949,0.899692193007918,-1.32172850863879,-1.54938865295651,"79",1,4,0,0,4,0,0,0,0,0,0,0,0,4,"2008",47.5246229175666,182,5.25,98
"2934","OVEN","162","204","029","Red pine","9",0.118322297588386,0,0.298494671378296,-0.807109759868518,1.44337259282182,0.0535237444941372,"87",1,1,0,0,1,0,0,0,0,0,0,0,0,1,"2011",59,176,8.6,101
"2935","OVEN","162","204","029","Red pine","9",0.00505396748493073,0,-0.867930659853561,1.75309316944614,-1.39051211812786,-1.48298666778228,"81",1,4,0,0,4,0,0,0,0,0,0,0,0,4,"2009",48,185,5.16666666666667,99
"2943","OVEN","162","204","029","Red pine","9",0.174956462640114,0,0.881707336994224,0.330758208715772,2.0073981906322,1.72971692152296,"91",1,0,1,0,0,0,1,0,0,0,0,0,0,1,"2012",71,180,9.28333333333333,102
"2947","OVEN","162","204","029","Red pine","9",0.231590627691841,0,1.46492000261015,-2.22944472059888,-1.40426884002567,-1.20362113827748,"87",0,1,0,0,0,1,0,0,0,0,0,0,0,1,"2013",50,171,5.15,103
"2956","OVEN","163","204","029","Red pine","9",0.231590627691841,0,1.46492000261015,-2.22944472059888,-1.21167473345628,-1.20362113827748,"87",0,2,1,0,2,0,0,1,0,0,0,0,0,3,"2013",50,171,5.38333333333333,103
"2959","OVEN","163","204","029","Red pine","9",0.00505396748493073,0,-0.867930659853561,1.75309316944614,-1.18416128966065,-1.48298666778228,"81",1,2,0,0,2,0,0,0,0,0,0,0,0,2,"2009",48,185,5.41666666666667,99
"2961","OVEN","163","204","029","Red pine","9",-0.0515801975667969,0,-1.45114332546949,0.899692193007918,-1.528079337106,-1.65490980927602,"79",1,4,0,0,4,0,0,0,0,0,0,0,0,4,"2008",46.7691885838708,182,5,98
"2963","OVEN","163","204","029","Red pine","9",0.174956462640114,0,0.881707336994224,0.330758208715772,1.82856080596061,1.86939968627536,"91",1,1,0,0,1,0,0,0,0,0,0,0,0,1,"2012",72,180,9.06666666666667,102
"2964","OVEN","163","204","029","Red pine","9",0.0616881325366584,0,-0.284717994237633,0.0462912165696997,1.08569782347866,-0.505207314515469,"85",1,0,1,2,0,0,0,1,1,0,1,0,0,3,"2010",55,179,8.16666666666667,100
"2965","OVEN","163","204","029","Red pine","9",0.118322297588386,0,0.298494671378296,-0.807109759868518,1.23702176435461,0.0535237444941372,"87",1,2,0,0,2,0,0,0,0,0,0,0,0,2,"2011",59,176,8.35,101
"2973","OVEN","164","202","029","Red pine","9",0.00505396748493073,0,0.298494671378296,-0.807109759868518,-0.345001253893997,1.03130309776095,"87",1,1,0,1,1,0,0,0,0,1,0,0,0,2,"2011",66,176,6.43333333333333,99
"2974","OVEN","164","202","029","Red pine","9",0.0616881325366584,0,0.881707336994224,0.330758208715772,0.177754178222935,0.751937568256145,"91",1,0,0,0,0,0,0,0,0,0,0,0,0,0,"2012",64,180,7.06666666666667,100
"2977","OVEN","164","202","029","Red pine","9",-0.164848527670252,0,-1.45114332546949,0.899692193007918,1.93861458114313,0.117845616891829,"79",1,1,0,0,0,1,0,0,0,0,0,0,0,1,"2008",59.4604853899599,182,9.2,96
"2978","OVEN","164","202","029","Red pine","9",-0.108214362618525,0,-0.867930659853561,1.75309316944614,0.219024343916377,-0.784572844020272,"81",1,3,1,1,3,0,1,0,0,0,1,0,0,5,"2009",53,185,7.11666666666667,97
"2984","OVEN","164","202","029","Red pine","9",-0.0515801975667969,0,-0.284717994237633,0.0462912165696997,-0.455055029076509,-0.505207314515469,"85",1,1,0,0,1,0,0,0,0,0,0,0,0,1,"2010",55,179,6.3,98
"2985","OVEN","164","202","029","Red pine","9",0.118322297588386,0,1.46492000261015,-2.22944472059888,0.494158781872657,0.612254803503743,"87",0,1,0,0,1,0,0,0,0,0,0,0,0,1,"2013",63,171,7.45,101
"2987","OVEN","165","202","029","Red pine","9",-0.108214362618525,0,-0.867930659853561,1.75309316944614,0.425375172383587,-0.784572844020272,"81",1,3,1,0,3,0,1,0,0,0,0,0,0,4,"2009",53,185,7.36666666666667,97
"2991","OVEN","165","202","029","Red pine","9",0.00505396748493073,0,0.298494671378296,-0.807109759868518,-0.853999964113115,1.59003415677055,"87",1,1,0,0,1,0,0,0,0,0,0,0,0,1,"2011",70,176,5.81666666666667,99
"2992","OVEN","165","202","029","Red pine","9",0.118322297588386,0,1.46492000261015,-2.22944472059888,0.989400770193961,0.612254803503743,"87",0,3,0,1,2,1,0,0,1,0,0,0,0,4,"2013",63,171,8.05,101
"3001","OVEN","165","202","029","Red pine","9",-0.164848527670252,0,-1.45114332546949,0.899692193007918,1.34707553953712,-0.184648364557449,"79",1,2,1,0,2,0,1,0,0,0,0,0,0,3,"2008",57.2949069666987,182,8.48333333333333,96
"3003","OVEN","165","202","029","Red pine","9",-0.0515801975667969,0,-0.284717994237633,0.0462912165696997,-0.909026851704371,-0.505207314515469,"85",1,3,0,3,3,0,0,0,0,1,0,2,0,6,"2010",55,179,5.75,98
"3004","OVEN","165","202","029","Red pine","9",0.0616881325366584,0,0.881707336994224,0.330758208715772,-0.455055029076509,0.472572038751342,"91",1,1,1,1,1,0,0,1,0,0,0,1,0,3,"2012",62,180,6.3,100
"3009","OVEN","166","202","029","Red pine","9",0.00505396748493073,0,0.298494671378296,-0.807109759868518,-0.633892413748091,1.03130309776095,"87",1,3,0,1,3,0,0,0,1,0,0,0,0,4,"2011",66,176,6.08333333333333,99
"3011","OVEN","166","202","029","Red pine","9",0.0616881325366584,0,0.881707336994224,0.330758208715772,-0.207434034915857,0.612254803503743,"91",1,2,0,1,2,0,0,0,0,0,1,0,0,3,"2012",63,180,6.6,100
"3016","OVEN","166","202","029","Red pine","9",-0.0515801975667969,0,-0.284717994237633,0.0462912165696997,-0.565108804259021,-0.505207314515469,"85",1,1,1,0,1,0,0,1,0,0,0,0,0,2,"2010",55,179,6.16666666666667,98
"3019","OVEN","166","202","029","Red pine","9",0.118322297588386,0,1.46492000261015,-2.22944472059888,0.741779776033309,0.612254803503743,"87",0,1,0,1,1,0,0,0,1,0,0,0,0,2,"2013",63,171,7.75,101
"3021","OVEN","166","202","029","Red pine","9",-0.108214362618525,0,-0.867930659853561,1.75309316944614,0.590455835157355,3.12654456904697,"81",1,3,1,0,3,0,0,1,0,0,0,0,0,4,"2009",81,185,7.56666666666667,97
"3023","OVEN","166","202","029","Red pine","9",-0.164848527670252,0,-1.45114332546949,0.899692193007918,1.58093981179996,-0.0650577207286654,"79",1,1,0,2,1,0,0,0,1,0,0,1,0,3,"2008",58.1510658782206,182,8.76666666666667,96
"3024","OVEN","167","200","029","Red pine","9",2.27042056955404,0,-0.284717994237633,0.0462912165696997,-1.59686294659507,-0.505207314515469,"85",1,2,1,0,2,0,1,0,0,0,0,0,0,3,"2010",55,179,4.91666666666667,139
"3026","OVEN","167","200","029","Red pine","9",2.32705473460577,0,0.298494671378296,-0.807109759868518,-1.66564655608414,1.59003415677055,"87",1,0,0,1,0,0,0,0,0,0,0,1,0,1,"2011",70,176,4.83333333333333,140
"3029","OVEN","167","200","029","Red pine","9",2.15715223945058,0,-1.45114332546949,0.899692193007918,0.425375172383587,-0.655976196117949,"79",1,4,0,0,4,0,0,0,0,0,0,0,0,4,"2008",53.9206336095242,182,7.36666666666667,137
"3034","OVEN","167","200","029","Red pine","9",2.21378640450231,0,-0.867930659853561,1.75309316944614,0.783049941726751,-0.505207314515469,"81",1,3,0,2,3,0,0,0,1,0,0,1,0,5,"2009",55,185,7.8,138
"3037","OVEN","167","200","029","Red pine","9",2.44032306470922,0,1.46492000261015,-2.22944472059888,1.23702176435461,0.751937568256145,"87",0,2,1,1,2,0,0,1,0,0,1,0,0,4,"2013",64,171,8.35,142
"3041","OVEN","167","200","029","Red pine","9",2.38368889965749,0,0.881707336994224,0.330758208715772,-1.32172850863879,0.0535237444941372,"91",1,1,1,1,1,0,1,0,0,0,1,0,0,3,"2012",59,180,5.25,141
"3047","OVEN","168","200","029","Red pine","9",2.21378640450231,0,-0.867930659853561,1.75309316944614,0.948130604500519,-0.365524549763067,"81",1,3,1,1,2,1,0,1,0,0,0,1,0,5,"2009",56,185,8,138
"3048","OVEN","168","200","029","Red pine","9",2.32705473460577,0,0.298494671378296,-0.807109759868518,-1.44553900571912,1.03130309776095,"87",1,2,0,0,1,1,0,0,0,0,0,0,0,2,"2011",66,176,5.1,140
"3053","OVEN","168","200","029","Red pine","9",2.38368889965749,0,0.881707336994224,0.330758208715772,-0.785216354624045,0.33288927399894,"91",1,1,0,0,1,0,0,0,0,0,0,0,0,1,"2012",61,180,5.9,141
"3055","OVEN","168","200","029","Red pine","9",2.15715223945058,0,-1.45114332546949,0.899692193007918,0.906860438807077,-0.409760164705746,"79",1,4,0,0,4,0,0,0,0,0,0,0,0,4,"2008",55.683313721481,182,7.95,137
"3056","OVEN","168","200","029","Red pine","9",2.27042056955404,0,-0.284717994237633,0.0462912165696997,-1.18416128966065,-0.505207314515469,"85",1,3,1,0,3,0,0,1,0,0,0,0,0,4,"2010",55,179,5.41666666666667,139
"3061","OVEN","168","200","029","Red pine","9",2.44032306470922,0,1.46492000261015,-2.22944472059888,1.45712931471964,0.751937568256145,"87",0,4,0,1,3,1,0,0,1,0,0,0,0,5,"2013",64,171,8.61666666666667,142
"3066","OVEN","169","200","029","Red pine","9",2.44032306470922,0,1.46492000261015,-2.22944472059888,1.7185070307781,0.751937568256145,"87",0,3,0,0,3,0,0,0,0,0,0,0,0,3,"2013",64,171,8.93333333333333,142
"3067","OVEN","169","200","029","Red pine","9",2.32705473460577,0,0.298494671378296,-0.807109759868518,-1.18416128966065,0.751937568256145,"87",1,3,1,0,2,1,1,0,0,0,0,0,0,4,"2011",64,176,5.41666666666667,140
"3069","OVEN","169","200","029","Red pine","9",2.21378640450231,0,-0.867930659853561,1.75309316944614,1.1269679891721,-0.225841785010666,"81",1,1,0,0,1,0,0,0,0,0,0,0,0,1,"2009",57,185,8.21666666666667,138
"3070","OVEN","169","200","029","Red pine","9",2.38368889965749,0,0.881707336994224,0.330758208715772,-1.08786423637595,0.33288927399894,"91",1,2,0,0,2,0,0,0,0,0,0,0,0,2,"2012",61,180,5.53333333333333,141
"3073","OVEN","169","200","029","Red pine","9",2.27042056955404,0,-0.284717994237633,0.0462912165696997,-1.39051211812786,-0.505207314515469,"85",1,3,0,0,3,0,0,0,0,0,0,0,0,3,"2010",55,179,5.16666666666667,139
"3079","OVEN","169","200","029","Red pine","9",2.15715223945058,0,-1.45114332546949,0.899692193007918,0.659239444646425,-0.536385552289166,"79",1,3,0,0,3,0,0,0,0,0,0,0,0,3,"2008",54.7767925210461,182,7.65,137
"3081","OVEN","170","219","029","Red pine","9",-0.164848527670252,0,-0.867930659853561,-0.522642767722446,-1.08786423637595,-0.64489007926787,"81",1,2,1,0,2,0,0,1,0,0,0,0,0,3,"2009",54,177,5.53333333333333,96
"3083","OVEN","170","219","029","Red pine","9",-0.22148269272198,0,-1.45114332546949,0.615225200861845,-0.950297017397813,0.472572038751342,"78",1,3,0,0,3,0,0,0,0,0,0,0,0,3,"2008",62,181,5.7,95
"3091","OVEN","170","219","029","Red pine","9",-0.108214362618525,0,-0.284717994237633,-0.522642767722446,-1.528079337106,0.193206509246539,"85",1,3,0,0,2,1,0,0,0,0,0,0,0,3,"2010",60,177,5,97
"3097","OVEN","170","219","029","Red pine","9",0.00505396748493073,0,0.881707336994224,0.0462912165696997,-1.11537768017158,0.612254803503743,"92",1,1,2,1,1,0,2,0,0,0,1,0,0,4,"2012",63,179,5.5,99
"3098","OVEN","170","219","029","Red pine","9",0.0616881325366584,0,1.46492000261015,-1.37604374416066,-1.61061966849288,0.193206509246539,"92",0,1,1,1,0,1,0,1,0,0,0,1,0,3,"2013",60,174,4.9,100
"3099","OVEN","170","219","029","Red pine","9",-0.0515801975667969,0,0.298494671378296,-1.09157675201459,-0.895270129806557,-0.505207314515469,"86",1,1,0,1,1,0,0,0,0,0,1,0,0,2,"2011",55,175,5.76666666666667,98
"3101","OVEN","171","219","029","Red pine","9",0.00505396748493073,0,0.881707336994224,0.0462912165696997,-0.771459632726231,0.751937568256145,"92",1,5,0,0,5,0,0,0,0,0,0,0,0,5,"2012",64,179,5.91666666666667,99
"3103","OVEN","171","219","029","Red pine","9",-0.0515801975667969,0,0.298494671378296,-1.09157675201459,-0.675162579441533,-0.505207314515469,"86",1,2,0,0,2,0,0,0,0,0,0,0,0,2,"2011",55,175,6.03333333333333,98
"3104","OVEN","171","219","029","Red pine","9",0.0616881325366584,0,1.46492000261015,-1.37604374416066,-1.17040456776284,0.33288927399894,"92",0,2,0,2,2,0,0,0,1,1,0,0,0,4,"2013",61,174,5.43333333333333,100
"3108","OVEN","171","219","029","Red pine","9",-0.164848527670252,0,-0.867930659853561,-0.522642767722446,-1.28045834294535,-0.505207314515469,"81",1,3,0,0,2,1,0,0,0,0,0,0,0,3,"2009",55,177,5.3,96
"3110","OVEN","171","219","029","Red pine","9",-0.108214362618525,0,-0.284717994237633,-0.522642767722446,-1.32172850863879,0.193206509246539,"85",1,1,0,2,1,0,0,0,1,1,0,0,0,3,"2010",60,177,5.25,97
"3117","OVEN","171","219","029","Red pine","9",-0.22148269272198,0,-1.45114332546949,0.615225200861845,-0.730189467032789,0.472572038751342,"78",1,0,2,0,0,0,2,0,0,0,0,0,0,2,"2008",62,181,5.96666666666667,95
"3119","OVEN","172","219","029","Red pine","9",-0.164848527670252,0,-0.867930659853561,-0.522642767722446,-1.47305244951475,-0.784572844020272,"81",1,3,0,1,3,0,0,0,1,0,0,0,0,4,"2009",53,177,5.06666666666667,96
"3124","OVEN","172","219","029","Red pine","9",-0.22148269272198,0,-1.45114332546949,0.615225200861845,-0.496325194769951,-0.365524549763067,"78",1,3,0,0,3,0,0,0,0,0,0,0,0,3,"2008",56,181,6.25,95
"3125","OVEN","172","219","029","Red pine","9",-0.108214362618525,0,-0.284717994237633,-0.522642767722446,-1.08786423637595,0.193206509246539,"85",1,3,0,1,3,0,0,0,0,0,1,0,0,4,"2010",60,177,5.53333333333333,97
"3130","OVEN","172","219","029","Red pine","9",-0.0515801975667969,0,0.298494671378296,-1.09157675201459,-0.482568472872137,-0.64489007926787,"86",1,4,0,0,4,0,0,0,0,0,0,0,0,4,"2011",54,175,6.26666666666667,98
"3133","OVEN","172","219","029","Red pine","9",0.0616881325366584,0,1.46492000261015,-1.37604374416066,-1.41802556192349,0.33288927399894,"92",0,4,1,0,2,2,0,1,0,0,0,0,0,5,"2013",61,174,5.13333333333333,100
"3134","OVEN","172","219","029","Red pine","9",0.00505396748493073,0,0.881707336994224,0.0462912165696997,-0.537595360463393,0.751937568256145,"92",1,2,0,1,2,0,0,0,0,1,0,0,0,3,"2012",64,179,6.2,99
"3140","OVEN","173","218","029","Red pine","9",-0.108214362618525,0,-0.284717994237633,-0.522642767722446,-0.840243242215301,0.472572038751342,"85",1,2,0,2,2,0,0,0,2,0,0,0,0,4,"2010",62,177,5.83333333333333,97
"3141","OVEN","173","218","029","Red pine","9",-0.0515801975667969,0,0.298494671378296,-1.09157675201459,-0.276217644404927,-0.505207314515469,"86",1,2,0,0,1,1,0,0,0,0,0,0,0,2,"2011",55,175,6.51666666666667,98
"3146","OVEN","173","218","029","Red pine","9",0.0616881325366584,0,1.46492000261015,-1.37604374416066,-0.853999964113115,0.472572038751342,"92",0,4,1,0,4,0,0,1,0,0,0,0,0,5,"2013",62,174,5.81666666666667,100
"3150","OVEN","173","218","029","Red pine","9",-0.164848527670252,0,-0.867930659853561,-0.522642767722446,-0.881513407908743,-0.365524549763067,"81",1,1,1,1,1,0,1,0,0,0,0,1,0,3,"2009",56,177,5.78333333333333,96
"3154","OVEN","173","218","029","Red pine","9",-0.22148269272198,0,-1.45114332546949,0.615225200861845,-0.221190756813671,-0.365524549763067,"78",1,2,1,0,2,0,0,1,0,0,0,0,0,3,"2008",56,181,6.58333333333333,95
"3156","OVEN","173","218","029","Red pine","9",0.00505396748493073,0,0.881707336994224,0.0462912165696997,-0.179920591120229,0.612254803503743,"92",1,1,0,0,1,0,0,0,0,0,0,0,0,1,"2012",63,179,6.63333333333333,99
"3160","OVEN","174","218","029","Red pine","9",0.0616881325366584,0,1.46492000261015,-1.37604374416066,-0.675162579441533,0.472572038751342,"92",0,4,1,0,3,1,0,1,0,0,0,0,0,5,"2013",62,174,6.03333333333333,100
"3162","OVEN","174","218","029","Red pine","9",-0.0515801975667969,0,0.298494671378296,-1.09157675201459,-0.0973802597333449,-0.365524549763067,"86",1,1,0,0,1,0,0,0,0,0,0,0,0,1,"2011",56,175,6.73333333333333,98
"3169","OVEN","174","218","029","Red pine","9",-0.22148269272198,0,-1.45114332546949,0.615225200861845,-0.0285966502442752,-0.365524549763067,"78",1,1,1,0,1,0,1,0,0,0,0,0,0,2,"2008",56,181,6.81666666666667,95
"3170","OVEN","174","218","029","Red pine","9",-0.108214362618525,0,-0.284717994237633,-0.522642767722446,-0.633892413748091,0.472572038751342,"85",1,2,2,1,2,0,0,2,0,0,0,1,0,5,"2010",62,177,6.08333333333333,97
"3171","OVEN","174","218","029","Red pine","9",-0.164848527670252,0,-0.867930659853561,-0.522642767722446,-0.702676023237161,-0.225841785010666,"81",1,2,0,0,2,0,0,0,0,0,0,0,0,2,"2009",57,177,6,96
"3175","OVEN","174","218","029","Red pine","9",0.00505396748493073,0,0.881707336994224,0.0462912165696997,0.0401869592447953,0.612254803503743,"92",1,4,0,1,4,0,0,0,0,1,0,0,0,5,"2012",63,179,6.9,99
"3176","OVEN","175","218","029","Red pine","9",0.00505396748493073,0,0.881707336994224,0.0462912165696997,0.246537787712005,0.612254803503743,"92",1,2,0,1,2,0,0,0,1,0,0,0,0,3,"2012",63,179,7.15,99
"3177","OVEN","175","218","029","Red pine","9",-0.108214362618525,0,-0.284717994237633,-0.522642767722446,-0.427541585280881,0.612254803503743,"85",1,3,0,0,3,0,0,0,0,0,0,0,0,3,"2010",63,177,6.33333333333333,97
"3181","OVEN","175","218","029","Red pine","9",-0.164848527670252,0,-0.867930659853561,-0.522642767722446,-0.523838638565579,-0.0861590202582643,"81",1,1,0,2,1,0,0,0,2,0,0,0,0,3,"2009",58,177,6.21666666666667,96
"3185","OVEN","175","218","029","Red pine","9",-0.0515801975667969,0,0.298494671378296,-1.09157675201459,0.136484012529493,-0.505207314515469,"86",1,2,0,0,1,1,0,0,0,0,0,0,0,2,"2011",55,175,7.01666666666667,98
"3186","OVEN","175","218","029","Red pine","9",-0.22148269272198,0,-1.45114332546949,0.615225200861845,0.163997456325121,-0.365524549763067,"78",1,1,0,1,1,0,0,0,0,0,0,0,1,2,"2008",56,181,7.05,95
"3187","OVEN","175","218","029","Red pine","9",0.0616881325366584,0,1.46492000261015,-1.37604374416066,-0.496325194769951,0.472572038751342,"92",0,0,3,0,0,0,2,1,0,0,0,0,0,3,"2013",62,174,6.25,100
"3201","OVEN","176","220","029","Red pine","9",-0.22148269272198,0,-1.45114332546949,0.615225200861845,0.549185669463913,0.472572038751342,"78",1,2,0,1,2,0,0,0,0,0,1,0,0,3,"2008",62,181,7.51666666666667,95
"3204","OVEN","176","220","029","Red pine","9",-0.164848527670252,0,-0.867930659853561,-0.522642767722446,-0.234947478711485,0.193206509246539,"81",1,2,1,0,1,1,0,1,0,0,0,0,0,3,"2009",60,177,6.56666666666667,96
"3206","OVEN","176","220","029","Red pine","9",-0.0515801975667969,0,0.298494671378296,-1.09157675201459,-1.08786423637595,-0.505207314515469,"86",1,1,0,0,1,0,0,0,0,0,0,0,0,1,"2011",55,175,5.53333333333333,98
"3208","OVEN","176","220","029","Red pine","9",0.00505396748493073,0,0.881707336994224,0.0462912165696997,0.672996166544239,0.891620333008546,"92",1,3,0,1,3,0,0,0,0,1,0,0,0,4,"2012",65,179,7.66666666666667,99
"3209","OVEN","176","220","029","Red pine","9",0.0616881325366584,0,1.46492000261015,-1.37604374416066,-0.138650425426787,0.193206509246539,"92",0,4,0,0,4,0,0,0,0,0,0,0,0,4,"2013",60,174,6.68333333333333,100
"3210","OVEN","176","220","029","Red pine","9",-0.108214362618525,0,-0.284717994237633,-0.522642767722446,-0.234947478711485,0.751937568256145,"85",1,1,1,0,1,0,0,1,0,0,0,0,0,2,"2010",64,177,6.56666666666667,97
"3217","OVEN","177","220","029","Red pine","9",0.458127287898752,0,-0.284717994237633,-0.522642767722446,-0.0148399283464612,0.751937568256145,"85",1,2,0,0,1,1,0,0,0,0,0,0,0,2,"2010",64,177,6.83333333333333,107
"3223","OVEN","177","220","029","Red pine","9",0.344858957795297,0,-1.45114332546949,0.615225200861845,0.796806663624565,0.193206509246539,"78",1,2,0,0,2,0,0,0,0,0,0,0,0,2,"2008",60,181,7.81666666666667,105
"3225","OVEN","177","220","029","Red pine","9",0.628029783053935,0,1.46492000261015,-1.37604374416066,0.150240734427307,0.33288927399894,"92",0,1,0,1,1,0,0,0,0,1,0,0,0,2,"2013",61,174,7.03333333333333,110
"3226","OVEN","177","220","029","Red pine","9",0.401493122847024,0,-0.867930659853561,-0.522642767722446,-0.0285966502442752,0.193206509246539,"81",1,2,1,0,2,0,1,0,0,0,0,0,0,3,"2009",60,177,6.81666666666667,106
"3229","OVEN","177","220","029","Red pine","9",0.571395618002208,0,0.881707336994224,0.0462912165696997,1.01691421398959,0.891620333008546,"92",1,5,0,0,5,0,0,0,0,0,0,0,0,5,"2012",65,179,8.08333333333333,109
"3230","OVEN","177","220","029","Red pine","9",0.51476145295048,0,0.298494671378296,-1.09157675201459,-1.32172850863879,-0.64489007926787,"86",1,2,0,0,2,0,0,0,0,0,0,0,0,2,"2011",54,175,5.25,108
"3234","OVEN","178","220","029","Red pine","9",0.628029783053935,0,1.46492000261015,-1.37604374416066,0.480402059974843,0.472572038751342,"92",0,2,2,0,2,0,2,0,0,0,0,0,0,4,"2013",62,174,7.43333333333333,110
"3240","OVEN","178","220","029","Red pine","9",0.458127287898752,0,-0.284717994237633,-0.522642767722446,0.232781065814191,0.751937568256145,"85",1,2,0,0,2,0,0,0,0,0,0,0,0,2,"2010",64,177,7.13333333333333,107
"3242","OVEN","178","220","029","Red pine","9",0.51476145295048,0,0.298494671378296,-1.09157675201459,-1.55559278090163,-0.64489007926787,"86",1,0,1,2,0,0,1,0,0,1,1,0,0,3,"2011",54,175,4.96666666666667,108
"3243","OVEN","178","220","029","Red pine","9",0.401493122847024,0,-0.867930659853561,-0.522642767722446,0.150240734427307,0.33288927399894,"81",1,2,0,0,2,0,0,0,0,0,0,0,0,2,"2009",61,177,7.03333333333333,106
"3246","OVEN","178","220","029","Red pine","9",0.571395618002208,0,0.881707336994224,0.0462912165696997,1.37458898333275,1.31066862726575,"92",1,3,0,1,3,0,0,0,0,0,1,0,0,4,"2012",68,179,8.51666666666667,109
"3249","OVEN","178","220","029","Red pine","9",0.344858957795297,0,-1.45114332546949,0.615225200861845,1.0306709358874,0.193206509246539,"78",1,4,1,0,4,0,0,1,0,0,0,0,0,5,"2008",60,181,8.1,105
"3257","OVEN","179","221","029","Red pine","9",0.967834773364301,0,-0.867930659853561,-0.522642767722446,1.14072471106991,0.612254803503743,"81",1,3,0,2,2,1,0,0,0,1,0,1,0,5,"2009",63,177,8.23333333333333,116
"3260","OVEN","179","221","029","Red pine","9",1.13773726851948,0,0.881707336994224,0.0462912165696997,2.54391034464694,1.31066862726575,"92",1,3,0,0,2,1,0,0,0,0,0,0,0,3,"2012",68,179,9.93333333333333,119
"3261","OVEN","179","221","029","Red pine","9",0.911200608312574,0,-1.45114332546949,0.615225200861845,2.04866835632564,0.472572038751342,"78",1,3,0,0,3,0,0,0,0,0,0,0,0,3,"2008",62,181,9.33333333333333,115
"3264","OVEN","179","221","029","Red pine","9",1.02446893841603,0,-0.284717994237633,-0.522642767722446,1.2232650424568,0.751937568256145,"85",1,2,1,0,2,0,1,0,0,0,0,0,0,3,"2010",64,177,8.33333333333333,117
"3272","OVEN","180","221","029","Red pine","9",0.967834773364301,0,-0.867930659853561,-0.522642767722446,0.975644048296147,0.612254803503743,"81",1,2,0,3,2,0,0,0,0,0,1,2,0,5,"2009",63,177,8.03333333333333,116
"3275","OVEN","180","221","029","Red pine","9",1.13773726851948,0,0.881707336994224,0.0462912165696997,2.33755951617973,1.31066862726575,"92",1,3,0,1,2,1,0,0,1,0,0,0,0,4,"2012",68,179,9.68333333333333,119
"3278","OVEN","180","221","029","Red pine","9",1.19437143357121,0,1.46492000261015,-1.37604374416066,1.37458898333275,0.33288927399894,"92",0,1,1,1,1,0,0,1,0,1,0,0,0,3,"2013",61,174,8.51666666666667,120
"3280","OVEN","180","221","029","Red pine","9",1.02446893841603,0,-0.284717994237633,-0.522642767722446,1.08569782347866,0.891620333008546,"85",1,3,0,0,3,0,0,0,0,0,0,0,0,3,"2010",65,177,8.16666666666667,117
"3285","OVEN","180","221","029","Red pine","9",0.911200608312574,0,-1.45114332546949,0.615225200861845,1.85607424975624,0.193206509246539,"78",1,3,1,0,3,0,0,1,0,0,0,0,0,4,"2008",60,181,9.1,115
"3293","OVEN","181","221","029","Red pine","9",2.10051807439885,0,0.881707336994224,0.0462912165696997,2.14496540961034,1.31066862726575,"92",1,1,1,0,0,1,1,0,0,0,0,0,0,2,"2012",68,179,9.45,136
"3295","OVEN","181","221","029","Red pine","9",1.87398141419194,0,-1.45114332546949,0.615225200861845,1.67723686508466,0.193206509246539,"78",1,2,1,0,2,0,0,1,0,0,0,0,0,3,"2008",60,181,8.88333333333333,132
"3297","OVEN","181","221","029","Red pine","9",2.15715223945058,0,1.46492000261015,-1.37604374416066,1.18199487676336,0.193206509246539,"92",0,0,0,1,0,0,0,0,0,0,0,1,0,1,"2013",60,174,8.28333333333333,137
"3299","OVEN","181","221","029","Red pine","9",1.9872497442954,0,-0.284717994237633,-0.522642767722446,0.906860438807077,0.891620333008546,"85",1,3,1,0,3,0,1,0,0,0,0,0,0,4,"2010",65,177,7.95,134
"3304","OVEN","181","221","029","Red pine","9",1.93061557924367,0,-0.867930659853561,-0.522642767722446,0.810563385522379,0.472572038751342,"81",1,2,0,0,2,0,0,0,0,0,0,0,0,2,"2009",62,177,7.83333333333333,133
"3308","OVEN","182","277","027","Red pine","7",0.571395618002208,0,-0.867930659853561,0.899692193007918,-1.15664784586502,-1.48298666778228,"76",0,3,1,0,2,1,1,0,0,0,0,0,0,4,"2009",48,182,5.45,109
"3313","OVEN","182","277","027","Red pine","7",0.797932278209118,0,1.46492000261015,0.330758208715772,-0.867756686010929,0.193206509246539,"84",0,1,0,1,1,0,0,0,0,0,1,0,0,2,"2013",60,180,5.8,113
"3317","OVEN","182","277","027","Red pine","7",0.684663948105663,0,0.298494671378296,1.18415918515399,-1.11537768017158,0.891620333008546,"85",0,2,0,0,2,0,0,0,0,0,0,0,0,2,"2011",65,183,5.5,111
"3319","OVEN","182","277","027","Red pine","7",0.628029783053935,0,-0.284717994237633,0.899692193007918,-0.496325194769951,0.193206509246539,"81",0,1,0,1,0,1,0,0,1,0,0,0,0,2,"2010",60,182,6.25,110
"3320","OVEN","182","277","027","Red pine","7",0.51476145295048,0,-1.45114332546949,-0.238175775576373,-0.757702910828417,-0.276037334248575,"79",1,3,1,0,3,0,1,0,0,0,0,0,0,4,"2008",56.6406460787994,178,5.93333333333333,108
"3323","OVEN","182","277","027","Red pine","7",0.74129811315739,0,0.881707336994224,0.615225200861845,-1.08786423637595,-0.505207314515469,"79",0,1,0,0,1,0,0,0,0,0,0,0,0,1,"2012",55,181,5.53333333333333,112
"3324","OVEN","183","277","027","Red pine","7",0.684663948105663,0,0.298494671378296,1.18415918515399,-1.32172850863879,0.891620333008546,"85",0,2,0,1,1,1,0,0,1,0,0,0,0,3,"2011",65,183,5.25,111
"3327","OVEN","183","277","027","Red pine","7",0.74129811315739,0,0.881707336994224,0.615225200861845,-1.29421506484316,-0.505207314515469,"79",0,2,0,0,1,1,0,0,0,0,0,0,0,2,"2012",55,181,5.28333333333333,112
"3328","OVEN","183","277","027","Red pine","7",0.797932278209118,0,1.46492000261015,0.330758208715772,-1.11537768017158,0.193206509246539,"84",0,2,0,1,2,0,0,0,0,0,1,0,0,3,"2013",60,180,5.5,113
"3333","OVEN","183","277","027","Red pine","7",0.51476145295048,0,-1.45114332546949,-0.238175775576373,-1.15664784586502,-0.524302697312685,"79",1,2,0,0,2,0,0,0,0,0,0,0,0,2,"2008",54.8632946388836,178,5.45,108
"3334","OVEN","183","277","027","Red pine","7",0.571395618002208,0,-0.867930659853561,0.899692193007918,-1.36299867433223,-1.48298666778228,"76",0,2,1,1,2,0,1,0,0,0,0,0,1,4,"2009",48,182,5.2,109
"3338","OVEN","183","277","027","Red pine","7",0.628029783053935,0,-0.284717994237633,0.899692193007918,-0.331244531996183,0.33288927399894,"81",0,2,0,0,2,0,0,0,0,0,0,0,0,2,"2010",61,182,6.45,110
"3346","OVEN","184","277","027","Red pine","7",0.797932278209118,0,1.46492000261015,0.330758208715772,-0.661405857543719,0.472572038751342,"84",0,1,3,0,1,0,3,0,0,0,0,0,0,4,"2013",62,180,6.05,113
"3351","OVEN","184","277","027","Red pine","7",0.51476145295048,0,-1.45114332546949,-0.238175775576373,-0.936540295499999,-0.387328703898003,"79",1,3,0,1,1,2,0,0,0,0,0,1,0,4,"2008",55.8439023298717,178,5.71666666666667,108
"3358","OVEN","184","277","027","Red pine","7",0.571395618002208,0,-0.867930659853561,0.899692193007918,-0.964053739295627,-1.48298666778228,"76",0,3,1,1,3,0,0,1,0,0,0,0,1,5,"2009",48,182,5.68333333333333,109
"3359","OVEN","184","277","027","Red pine","7",0.684663948105663,0,0.298494671378296,1.18415918515399,-0.936540295499999,0.891620333008546,"85",0,1,1,1,1,0,0,1,0,1,0,0,0,3,"2011",65,183,5.71666666666667,111
"3360","OVEN","184","277","027","Red pine","7",0.74129811315739,0,0.881707336994224,0.615225200861845,-0.867756686010929,-0.225841785010666,"79",0,0,0,0,0,0,0,0,0,0,0,0,0,0,"2012",57,181,5.8,112
"3361","OVEN","184","277","027","Red pine","7",0.628029783053935,0,-0.284717994237633,0.899692193007918,-0.152407147324601,0.472572038751342,"81",0,1,0,1,1,0,0,0,0,0,1,0,0,2,"2010",62,182,6.66666666666667,110
"3420","OVEN","188","275","027","Red pine","7",0.74129811315739,0,0.881707336994224,0.615225200861845,0.108970568733865,-0.225841785010666,"79",0,3,0,0,2,1,0,0,0,0,0,0,0,3,"2012",57,181,6.98333333333333,112
"3423","OVEN","188","275","027","Red pine","7",0.797932278209118,0,1.46492000261015,0.330758208715772,0.219024343916377,0.472572038751342,"84",0,3,0,1,3,0,0,0,0,0,0,0,1,4,"2013",62,180,7.11666666666667,113
"3424","OVEN","188","275","027","Red pine","7",0.628029783053935,0,-0.284717994237633,0.899692193007918,0.590455835157355,0.751937568256145,"81",0,0,0,2,0,0,0,0,0,0,1,1,0,2,"2010",64,182,7.56666666666667,110
"3427","OVEN","188","275","027","Red pine","7",0.51476145295048,0,-1.45114332546949,-0.238175775576373,0.0952138468360511,0.254736890233314,"79",1,1,2,0,1,0,2,0,0,0,0,0,0,3,"2008",60.4405008813782,178,6.96666666666667,108
"3431","OVEN","188","275","027","Red pine","7",0.571395618002208,0,-0.867930659853561,0.899692193007918,-0.193677313018043,-1.34330390302988,"76",0,2,1,0,2,0,0,1,0,0,0,0,0,3,"2009",49,182,6.61666666666667,109
"3437","OVEN","188","275","027","Red pine","7",0.684663948105663,0,0.298494671378296,1.18415918515399,0.0126735154491674,0.472572038751342,"85",0,1,0,0,1,0,0,0,0,0,0,0,0,1,"2011",62,183,6.86666666666667,111
"3438","OVEN","189","275","027","Red pine","7",0.74129811315739,0,0.881707336994224,0.615225200861845,0.356591562894517,-0.0861590202582643,"79",0,2,0,0,2,0,0,0,0,0,0,0,0,2,"2012",58,181,7.28333333333333,112
"3442","OVEN","189","275","027","Red pine","7",0.684663948105663,0,0.298494671378296,1.18415918515399,0.205267622018563,0.472572038751342,"85",0,2,0,2,2,0,0,0,1,0,0,1,0,4,"2011",62,183,7.1,111
"3446","OVEN","189","275","027","Red pine","7",0.628029783053935,0,-0.284717994237633,0.899692193007918,0.769293219828937,0.891620333008546,"81",0,1,0,1,1,0,0,0,0,0,1,0,0,2,"2010",65,182,7.78333333333333,110
"3450","OVEN","189","275","027","Red pine","7",0.797932278209118,0,1.46492000261015,0.330758208715772,0.411618450485773,0.472572038751342,"84",0,3,0,0,3,0,0,0,0,0,0,0,0,3,"2013",62,180,7.35,113
"3451","OVEN","189","275","027","Red pine","7",0.571395618002208,0,-0.867930659853561,0.899692193007918,-0.0148399283464612,-1.20362113827748,"76",0,3,1,2,2,1,0,1,0,1,0,0,1,6,"2009",50,182,6.83333333333333,109
"3456","OVEN","189","275","027","Red pine","7",0.51476145295048,0,-1.45114332546949,-0.238175775576373,0.301564675303261,0.383150009059578,"79",1,2,0,0,1,1,0,0,0,0,0,0,0,2,"2008",61.3598205916795,178,7.21666666666667,108
"3463","OVEN","190","275","027","Red pine","7",0.684663948105663,0,0.298494671378296,1.18415918515399,0.439131894281401,0.612254803503743,"85",0,2,2,0,2,0,1,1,0,0,0,0,0,4,"2011",63,183,7.38333333333333,111
"3466","OVEN","190","275","027","Red pine","7",0.797932278209118,0,1.46492000261015,0.330758208715772,0.617969278952983,0.472572038751342,"84",0,3,0,0,3,0,0,0,0,0,0,0,0,3,"2013",62,180,7.6,113
"3467","OVEN","190","275","027","Red pine","7",0.74129811315739,0,0.881707336994224,0.615225200861845,0.604212557055169,0.193206509246539,"79",0,2,0,0,2,0,0,0,0,0,0,0,0,2,"2012",60,181,7.58333333333333,112
"3468","OVEN","190","275","027","Red pine","7",0.628029783053935,0,-0.284717994237633,0.899692193007918,0.948130604500519,0.891620333008546,"81",0,1,0,0,1,0,0,0,0,0,0,0,0,1,"2010",65,182,8,110
"3471","OVEN","190","275","027","Red pine","7",0.571395618002208,0,-0.867930659853561,0.899692193007918,0.177754178222935,-0.924255608772674,"76",0,4,0,1,4,0,0,0,0,0,0,1,0,5,"2009",52,182,7.06666666666667,109
"3474","OVEN","190","275","027","Red pine","7",0.51476145295048,0,-1.45114332546949,-0.238175775576373,0.521672225668285,0.520124002474259,"79",1,1,1,1,1,0,0,1,1,0,0,0,0,3,"2008",62.3404282826676,178,7.48333333333333,108
"3762","OVEN","206","184","027","Red pine","7",-1.18426349860135,1,1.46492000261015,-0.807109759868518,0.0264302373469806,1.03130309776095,"92",0,0,0,0,0,0,0,0,0,0,0,0,0,0,"2013",66,176,6.88333333333333,78
"3764","OVEN","206","184","027","Red pine","7",-1.35416599375653,1,-0.284717994237633,0.615225200861845,1.9111011373475,-0.0861590202582643,"83",1,0,0,0,0,0,0,0,0,0,0,0,0,0,"2010",58,181,9.16666666666667,75
"3766","OVEN","206","184","027","Red pine","7",-1.41080015880826,1,-0.867930659853561,0.899692193007918,-0.840243242215301,-1.48298666778228,"81",1,0,0,0,0,0,0,0,0,0,0,0,0,0,"2009",48,182,5.83333333333333,74
"3767","OVEN","206","184","027","Red pine","7",-1.46743432385999,1,-1.45114332546949,1.46862617730006,-1.0328373487847,-0.505207314515469,"79",1,0,0,0,0,0,0,0,0,0,0,0,0,0,"2008",55,184,5.6,73
"3769","OVEN","206","184","027","Red pine","7",-1.29753182870481,1,0.298494671378296,0.615225200861845,-1.66564655608414,0.751937568256145,"86",1,0,0,0,0,0,0,0,0,0,0,0,0,0,"2011",64,181,4.83333333333333,76
"3770","OVEN","206","184","027","Red pine","7",-1.24089766365308,1,0.881707336994224,-1.37604374416066,-1.39051211812786,-2.04171772679189,"92",1,0,0,0,0,0,0,0,0,0,0,0,0,0,"2012",44,174,5.16666666666667,77
"3779","OVEN","207","184","027","Red pine","7",-1.24089766365308,1,0.881707336994224,-1.37604374416066,-0.977810461193441,-1.34330390302988,"92",1,0,0,0,0,0,0,0,0,0,0,0,0,0,"2012",49,174,5.66666666666667,77
"3780","OVEN","207","184","027","Red pine","7",-1.29753182870481,1,0.298494671378296,0.615225200861845,-1.40426884002567,0.472572038751342,"86",1,1,0,0,1,0,0,0,0,0,0,0,0,1,"2011",62,181,5.15,76
"3781","OVEN","207","184","027","Red pine","7",-1.35416599375653,1,-0.284717994237633,0.615225200861845,2.11745196581471,0.193206509246539,"83",1,0,0,0,0,0,0,0,0,0,0,0,0,0,"2010",60,181,9.41666666666667,75
"3783","OVEN","207","184","027","Red pine","7",-1.18426349860135,1,1.46492000261015,-0.807109759868518,0.356591562894517,1.17098586251335,"92",0,2,0,0,2,0,0,0,0,0,0,0,0,2,"2013",67,176,7.28333333333333,78
"3787","OVEN","207","184","027","Red pine","7",-1.46743432385999,1,-1.45114332546949,1.46862617730006,-0.647649135645905,-0.0861590202582643,"79",1,0,0,0,0,0,0,0,0,0,0,0,0,0,"2008",58,184,6.06666666666667,73
"3789","OVEN","207","184","027","Red pine","7",-1.41080015880826,1,-0.867930659853561,0.899692193007918,-0.620135691850277,-1.34330390302988,"81",1,0,0,0,0,0,0,0,0,0,0,0,0,0,"2009",49,182,6.1,74
"3798","OVEN","208","184","027","Red pine","7",-1.35416599375653,1,-0.284717994237633,0.615225200861845,1.47088603661745,-0.365524549763067,"83",1,1,0,0,1,0,0,0,0,0,0,0,0,1,"2010",56,181,8.63333333333333,75
"3799","OVEN","208","184","027","Red pine","7",-1.18426349860135,1,1.46492000261015,-0.807109759868518,0.604212557055169,1.17098586251335,"92",0,3,0,0,2,1,0,0,0,0,0,0,0,3,"2013",67,176,7.58333333333333,78
"3807","OVEN","208","184","027","Red pine","7",-1.41080015880826,1,-0.867930659853561,0.899692193007918,-0.400028141485253,-1.34330390302988,"81",1,1,0,0,1,0,0,0,0,0,0,0,0,1,"2009",49,182,6.36666666666667,74
"3808","OVEN","208","184","027","Red pine","7",-1.29753182870481,1,0.298494671378296,0.615225200861845,-1.11537768017158,0.891620333008546,"86",1,0,0,0,0,0,0,0,0,0,0,0,0,0,"2011",65,181,5.5,76
"3810","OVEN","208","184","027","Red pine","7",-1.46743432385999,1,-1.45114332546949,1.46862617730006,-0.289974366302741,0.0535237444941372,"79",1,0,0,0,0,0,0,0,0,0,0,0,0,0,"2008",59,184,6.5,73
"3814","OVEN","208","184","027","Red pine","7",-1.24089766365308,1,0.881707336994224,-1.37604374416066,-0.620135691850277,-1.20362113827748,"92",1,0,0,2,0,0,0,0,0,0,0,2,0,2,"2012",50,174,6.1,77
"3817","OVEN","209","186","027","Red pine","7",-1.24089766365308,1,0.881707336994224,-1.37604374416066,-0.372514697689625,-0.64489007926787,"92",1,0,0,0,0,0,0,0,0,0,0,0,0,0,"2012",54,174,6.4,77
"3819","OVEN","209","186","027","Red pine","7",-1.18426349860135,1,1.46492000261015,-0.807109759868518,0.893103716909263,1.31066862726575,"92",0,1,0,0,1,0,0,0,0,0,0,0,0,1,"2013",68,176,7.93333333333333,78
"3828","OVEN","209","186","027","Red pine","7",-1.46743432385999,1,-1.45114332546949,1.46862617730006,0.0126735154491674,0.33288927399894,"79",1,0,0,0,0,0,0,0,0,0,0,0,0,0,"2008",61,184,6.86666666666667,73
"3833","OVEN","209","186","027","Red pine","7",-1.35416599375653,1,-0.284717994237633,0.615225200861845,1.70475030888029,-0.365524549763067,"83",1,0,0,1,0,0,0,0,1,0,0,0,0,1,"2010",56,181,8.91666666666667,75
"3834","OVEN","209","186","027","Red pine","7",-1.41080015880826,1,-0.867930659853561,0.899692193007918,-0.193677313018043,-1.34330390302988,"81",1,1,0,0,1,0,0,0,0,0,0,0,0,1,"2009",49,182,6.61666666666667,74
"3835","OVEN","209","186","027","Red pine","7",-1.29753182870481,1,0.298494671378296,0.615225200861845,-0.840243242215301,0.891620333008546,"86",1,2,0,0,2,0,0,0,0,0,0,0,0,2,"2011",65,181,5.83333333333333,76
"3836","OVEN","210","186","027","Red pine","7",-1.35416599375653,1,-0.284717994237633,0.615225200861845,0.948130604500519,-0.64489007926787,"83",1,1,0,0,1,0,0,0,0,0,0,0,0,1,"2010",54,181,8,75
"3837","OVEN","210","186","027","Red pine","7",-1.18426349860135,1,1.46492000261015,-0.807109759868518,1.1269679891721,1.45035139201815,"92",0,0,1,1,0,0,0,1,1,0,0,0,0,2,"2013",69,176,8.21666666666667,78
"3839","OVEN","210","186","027","Red pine","7",-1.29753182870481,1,0.298494671378296,0.615225200861845,-0.592622248054649,1.03130309776095,"86",1,1,0,0,1,0,0,0,0,0,0,0,0,1,"2011",66,181,6.13333333333333,76
"3847","OVEN","210","186","027","Red pine","7",-1.24089766365308,1,0.881707336994224,-1.37604374416066,-0.0836235378355309,-1.48298666778228,"92",1,0,0,0,0,0,0,0,0,0,0,0,0,0,"2012",48,174,6.75,77
"3850","OVEN","210","186","027","Red pine","7",-1.46743432385999,1,-1.45114332546949,1.46862617730006,0.136484012529493,0.193206509246539,"79",1,0,0,0,0,0,0,0,0,0,0,0,0,0,"2008",60,184,7.01666666666667,73
"3853","OVEN","210","186","027","Red pine","7",-1.41080015880826,1,-0.867930659853561,0.899692193007918,0.0264302373469806,-1.34330390302988,"81",1,1,0,0,1,0,0,0,0,0,0,0,0,1,"2009",49,182,6.88333333333333,74
"3855","OVEN","211","186","027","Red pine","7",-1.41080015880826,1,-0.867930659853561,0.899692193007918,0.191510900120749,-1.34330390302988,"81",1,0,0,0,0,0,0,0,0,0,0,0,0,0,"2009",49,182,7.08333333333333,74
"3857","OVEN","211","186","027","Red pine","7",-1.46743432385999,1,-1.45114332546949,1.46862617730006,0.494158781872657,0.472572038751342,"79",1,0,0,0,0,0,0,0,0,0,0,0,0,0,"2008",62,184,7.45,73
"3858","OVEN","211","186","027","Red pine","7",-1.35416599375653,1,-0.284717994237633,0.615225200861845,0.411618450485773,-0.784572844020272,"83",1,1,1,0,0,1,0,1,0,0,0,0,0,2,"2010",53,181,7.35,75
"3859","OVEN","211","186","027","Red pine","7",-1.24089766365308,1,0.881707336994224,-1.37604374416066,0.219024343916377,-0.365524549763067,"92",1,2,0,0,0,2,0,0,0,0,0,0,0,2,"2012",56,174,7.11666666666667,77
"3862","OVEN","211","186","027","Red pine","7",-1.29753182870481,1,0.298494671378296,0.615225200861845,-0.372514697689625,1.03130309776095,"86",1,1,0,0,1,0,0,0,0,0,0,0,0,1,"2011",66,181,6.4,76
"3868","OVEN","211","186","027","Red pine","7",-1.18426349860135,1,1.46492000261015,-0.807109759868518,1.41585914902619,1.72971692152296,"92",0,0,0,1,0,0,0,0,0,0,0,0,1,1,"2013",71,176,8.56666666666667,78
"3875","OVEN","212","187","027","Red pine","7",-1.24089766365308,1,0.881707336994224,-1.37604374416066,0.466645338077029,-0.0861590202582643,"92",1,0,0,0,0,0,0,0,0,0,0,0,0,0,"2012",58,174,7.41666666666667,77
"3878","OVEN","212","187","027","Red pine","7",-1.29753182870481,1,0.298494671378296,0.615225200861845,-0.111136981631159,1.17098586251335,"86",1,0,0,0,0,0,0,0,0,0,0,0,0,0,"2011",67,181,6.71666666666667,76
"3879","OVEN","212","187","027","Red pine","7",-1.18426349860135,1,1.46492000261015,-0.807109759868518,1.69099358698248,1.59003415677055,"92",0,2,0,0,2,0,0,0,0,0,0,0,0,2,"2013",70,176,8.9,78
"3883","OVEN","212","187","027","Red pine","7",-1.46743432385999,1,-1.45114332546949,1.46862617730006,0.728023054135495,0.472572038751342,"79",1,0,0,0,0,0,0,0,0,0,0,0,0,0,"2008",62,184,7.73333333333333,73
"3886","OVEN","212","187","027","Red pine","7",-1.35416599375653,1,-0.284717994237633,0.615225200861845,0.150240734427307,-1.06393837352508,"83",1,0,0,0,0,0,0,0,0,0,0,0,0,0,"2010",51,181,7.03333333333333,75
"3889","OVEN","212","187","027","Red pine","7",-1.41080015880826,1,-0.867930659853561,0.899692193007918,0.370348284792331,-1.20362113827748,"81",1,1,0,0,1,0,0,0,0,0,0,0,0,1,"2009",50,182,7.3,74
"3896","OVEN","213","187","027","Red pine","7",-1.29753182870481,1,0.298494671378296,0.615225200861845,0.108970568733865,1.17098586251335,"86",1,0,1,0,0,0,0,1,0,0,0,0,0,1,"2011",67,181,6.98333333333333,76
"3897","OVEN","213","187","027","Red pine","7",-1.18426349860135,1,1.46492000261015,-0.807109759868518,1.96612802493875,2.14876521578016,"92",0,0,0,0,0,0,0,0,0,0,0,0,0,0,"2013",74,176,9.23333333333333,78
"3901","OVEN","213","187","027","Red pine","7",-1.46743432385999,1,-1.45114332546949,1.46862617730006,1.04442765778522,0.612254803503743,"79",1,0,0,0,0,0,0,0,0,0,0,0,0,0,"2008",63,184,8.11666666666667,73
"3903","OVEN","213","187","027","Red pine","7",-1.24089766365308,1,0.881707336994224,-1.37604374416066,0.796806663624565,1.03130309776095,"92",1,0,0,0,0,0,0,0,0,0,0,0,0,0,"2012",66,174,7.81666666666667,77
"3910","OVEN","213","187","027","Red pine","7",-1.41080015880826,1,-0.867930659853561,0.899692193007918,0.535428947566099,-1.20362113827748,"81",1,0,1,0,0,0,1,0,0,0,0,0,0,1,"2009",50,182,7.5,74
"3911","OVEN","213","187","027","Red pine","7",-1.35416599375653,1,-0.284717994237633,0.615225200861845,-0.0836235378355309,-1.20362113827748,"83",1,0,0,0,0,0,0,0,0,0,0,0,0,0,"2010",50,181,6.75,75
"3913","OVEN","214","187","027","Red pine","7",-1.29753182870481,1,0.298494671378296,0.615225200861845,0.370348284792331,1.31066862726575,"86",1,0,0,0,0,0,0,0,0,0,0,0,0,0,"2011",68,181,7.3,76
"3915","OVEN","214","187","027","Red pine","7",-1.24089766365308,1,0.881707336994224,-1.37604374416066,1.08569782347866,0.472572038751342,"92",1,0,0,0,0,0,0,0,0,0,0,0,0,0,"2012",62,174,8.16666666666667,77
"3918","OVEN","214","187","027","Red pine","7",-1.46743432385999,1,-1.45114332546949,1.46862617730006,1.34707553953712,0.751937568256145,"79",1,2,0,0,2,0,0,0,0,0,0,0,0,2,"2008",64,184,8.48333333333333,73
"3919","OVEN","214","187","027","Red pine","7",-1.18426349860135,1,1.46492000261015,-0.807109759868518,2.24126246289503,2.00908245102776,"92",0,0,0,0,0,0,0,0,0,0,0,0,0,0,"2013",73,176,9.56666666666667,78
"3923","OVEN","214","187","027","Red pine","7",-1.41080015880826,1,-0.867930659853561,0.899692193007918,0.728023054135495,-1.06393837352508,"81",1,0,0,0,0,0,0,0,0,0,0,0,0,0,"2009",51,182,7.73333333333333,74
"3924","OVEN","214","187","027","Red pine","7",-1.35416599375653,1,-0.284717994237633,0.615225200861845,-0.262460922507113,-1.20362113827748,"83",1,0,1,0,0,0,0,1,0,0,0,0,0,1,"2010",50,181,6.53333333333333,75
"3931","OVEN","215","188","027","Red pine","7",-1.29753182870481,1,0.298494671378296,0.615225200861845,0.645482722748611,1.31066862726575,"86",1,0,0,0,0,0,0,0,0,0,0,0,0,0,"2011",68,181,7.63333333333333,76
"3933","OVEN","215","188","027","Red pine","7",-1.35416599375653,1,-0.284717994237633,0.615225200861845,-0.826486520317487,-1.48298666778228,"83",1,0,0,1,0,0,0,0,0,1,0,0,0,1,"2010",48,181,5.85,75
"3934","OVEN","215","188","027","Red pine","7",-1.18426349860135,1,1.46492000261015,-0.807109759868518,2.53015362274913,2.42813074528496,"92",0,1,0,0,1,0,0,0,0,0,0,0,0,1,"2013",76,176,9.91666666666667,78
"3937","OVEN","215","188","027","Red pine","7",-1.24089766365308,1,0.881707336994224,-1.37604374416066,1.38834570523057,0.612254803503743,"92",1,1,0,1,1,0,0,0,0,0,0,0,1,2,"2012",63,174,8.53333333333333,77
"3940","OVEN","215","188","027","Red pine","7",-1.41080015880826,1,-0.867930659853561,0.899692193007918,0.934373882602705,-1.34330390302988,"81",1,0,0,0,0,0,0,0,0,0,0,0,0,0,"2009",49,182,7.98333333333333,74
"3943","OVEN","215","188","027","Red pine","7",-1.46743432385999,1,-1.45114332546949,1.46862617730006,1.58093981179996,0.751937568256145,"79",1,0,0,0,0,0,0,0,0,0,0,0,0,0,"2008",64,184,8.76666666666667,73
"3951","OVEN","216","188","027","Red pine","7",-1.41080015880826,1,-0.867930659853561,0.899692193007918,1.15448143296773,-1.20362113827748,"81",1,0,0,0,0,0,0,0,0,0,0,0,0,0,"2009",50,182,8.25,74
"3956","OVEN","216","188","027","Red pine","7",-1.24089766365308,1,0.881707336994224,-1.37604374416066,1.66348014318685,1.03130309776095,"92",1,1,0,0,1,0,0,0,0,0,0,0,0,1,"2012",66,174,8.86666666666667,77
"3957","OVEN","216","188","027","Red pine","7",-1.35416599375653,1,-0.284717994237633,0.615225200861845,0.686752888442053,-0.505207314515469,"83",1,2,0,0,2,0,0,0,0,0,0,0,0,2,"2010",55,181,7.68333333333333,75
"3959","OVEN","216","188","027","Red pine","7",-1.46743432385999,1,-1.45114332546949,1.46862617730006,1.84231752785843,0.891620333008546,"79",1,0,1,0,0,0,0,1,0,0,0,0,0,1,"2008",65,184,9.08333333333333,73
"3964","OVEN","216","188","027","Red pine","7",-1.18426349860135,1,1.46492000261015,-0.807109759868518,2.80528806070541,2.42813074528496,"92",0,0,0,0,0,0,0,0,0,0,0,0,0,0,"2013",76,176,10.25,78
"3966","OVEN","216","188","027","Red pine","7",-1.29753182870481,1,0.298494671378296,0.615225200861845,0.948130604500519,1.31066862726575,"86",1,1,0,0,1,0,0,0,0,0,0,0,0,1,"2011",68,181,8,76
"3968","OVEN","217","188","027","Red pine","7",-1.24089766365308,1,0.881707336994224,-1.37604374416066,1.96612802493875,0.751937568256145,"92",1,0,1,1,0,0,1,0,1,0,0,0,0,2,"2012",64,174,9.23333333333333,77
"3970","OVEN","217","188","027","Red pine","7",-1.41080015880826,1,-0.867930659853561,0.899692193007918,1.36083226143494,-1.06393837352508,"81",1,1,0,0,1,0,0,0,0,0,0,0,0,1,"2009",51,182,8.5,74
"3971","OVEN","217","188","027","Red pine","7",-1.29753182870481,1,0.298494671378296,0.615225200861845,1.23702176435461,1.31066862726575,"86",1,0,0,0,0,0,0,0,0,0,0,0,0,0,"2011",68,181,8.35,76
"3975","OVEN","217","188","027","Red pine","7",-1.18426349860135,1,1.46492000261015,-0.807109759868518,3.05290905486606,2.98686180429457,"92",0,0,0,0,0,0,0,0,0,0,0,0,0,0,"2013",80,176,10.55,78
"3982","OVEN","217","188","027","Red pine","7",-1.46743432385999,1,-1.45114332546949,1.46862617730006,2.07618180012127,0.751937568256145,"79",1,0,0,0,0,0,0,0,0,0,0,0,0,0,"2008",64,184,9.36666666666667,73
"3983","OVEN","217","188","027","Red pine","7",-1.35416599375653,1,-0.284717994237633,0.615225200861845,-0.496325194769951,-1.48298666778228,"83",1,0,0,0,0,0,0,0,0,0,0,0,0,0,"2010",48,181,6.25,75
"4134","OVEN","226","191","029","Red pine","9",-1.35416599375653,0,-0.284717994237633,0.615225200861845,-0.909026851704371,-1.90203496203948,"85",1,1,0,0,1,0,0,0,0,0,0,0,0,1,"2010",45,181,5.75,75
"4136","OVEN","226","191","029","Red pine","9",-1.18426349860135,0,1.46492000261015,-0.238175775576373,-0.853999964113115,0.193206509246539,"87",0,0,2,0,0,0,1,1,0,0,0,0,0,2,"2013",60,178,5.81666666666667,78
"4138","OVEN","226","191","029","Red pine","9",-1.46743432385999,0,-1.45114332546949,1.75309316944614,1.36083226143494,-0.505207314515469,"79",1,1,0,0,1,0,0,0,0,0,0,0,0,1,"2008",55,185,8.5,73
"4146","OVEN","226","191","029","Red pine","9",-1.29753182870481,0,0.298494671378296,0.330758208715772,-0.936540295499999,-1.34330390302988,"85",0,1,1,0,1,0,1,0,0,0,0,0,0,2,"2011",49,180,5.71666666666667,76
"4150","OVEN","226","191","029","Red pine","9",-1.41080015880826,0,-0.867930659853561,0.615225200861845,-0.0973802597333449,-1.48298666778228,"76",0,0,0,1,0,0,0,0,0,1,0,0,0,1,"2009",48,181,6.73333333333333,74
"4151","OVEN","226","191","029","Red pine","9",-1.24089766365308,0,0.881707336994224,-1.37604374416066,-0.964053739295627,-0.505207314515469,"91",1,2,1,0,1,1,0,1,0,0,0,0,0,3,"2012",55,174,5.68333333333333,77
"5469","OVEN","300","155","029","Red pine","9",-0.334751022825435,0,1.46492000261015,0.330758208715772,-0.248704200609299,-0.0861590202582643,"88",0,2,0,0,1,1,0,0,0,0,0,0,0,2,"2013",58,180,6.55,93
"5472","OVEN","300","155","029","Red pine","9",-0.448019352928891,0,0.298494671378296,0.0462912165696997,-1.528079337106,-0.365524549763067,"85",0,2,1,0,2,0,0,1,0,0,0,0,0,3,"2011",56,179,5,91
"5475","OVEN","300","155","029","Red pine","9",-0.504653517980618,0,-0.284717994237633,0.0462912165696997,-1.47305244951475,-0.924255608772674,"83",1,2,1,0,2,0,0,1,0,0,0,0,0,3,"2010",52,179,5.06666666666667,90
"5478","OVEN","300","155","029","Red pine","9",-0.561287683032346,0,-0.867930659853561,-0.807109759868518,-1.55559278090163,-0.365524549763067,"80",1,3,0,0,3,0,0,0,0,0,0,0,0,3,"2009",56,176,4.96666666666667,89
"5479","OVEN","300","155","029","Red pine","9",-0.617921848084074,0,-1.45114332546949,1.18415918515399,-1.44553900571912,-0.0861590202582643,"75",1,1,0,0,1,0,0,0,0,0,0,0,0,1,"2008",58,183,5.1,88
"5481","OVEN","300","155","029","Red pine","9",-0.391385187877163,0,0.881707336994224,-0.807109759868518,-1.36299867433223,-0.924255608772674,"79",0,0,0,0,0,0,0,0,0,0,0,0,0,0,"2012",52,176,5.2,92
"5486","OVEN","301","169","029","Red pine","9",0.571395618002208,0,0.298494671378296,0.615225200861845,-1.66564655608414,1.31066862726575,"84",0,1,0,1,1,0,0,0,0,0,1,0,0,2,"2011",68,181,4.83333333333333,109
"5487","OVEN","301","169","029","Red pine","9",0.628029783053935,0,0.881707336994224,-1.09157675201459,-1.39051211812786,1.03130309776095,"92",1,3,0,0,2,1,0,0,0,0,0,0,0,3,"2012",66,175,5.16666666666667,110
"5488","OVEN","301","169","029","Red pine","9",0.401493122847024,0,-1.45114332546949,1.46862617730006,-1.48680917141256,-0.225841785010666,"75",1,1,1,1,1,0,1,0,0,1,0,0,0,3,"2008",57,184,5.05,106
"5491","OVEN","301","169","029","Red pine","9",0.684663948105663,0,1.46492000261015,-0.807109759868518,-1.47305244951475,0.472572038751342,"87",0,2,0,1,2,0,0,0,0,1,0,0,0,3,"2013",62,176,5.06666666666667,111
"5495","OVEN","301","169","029","Red pine","9",0.51476145295048,0,-0.284717994237633,0.330758208715772,-1.45929572761693,-2.32108325629669,"81",0,3,0,2,3,0,0,0,1,0,0,0,1,5,"2010",42,180,5.08333333333333,108
"5496","OVEN","301","169","029","Red pine","9",0.458127287898752,0,-0.867930659853561,0.330758208715772,1.80104736216499,-0.64489007926787,"76",0,5,1,0,5,0,0,1,0,0,0,0,0,6,"2009",54,180,9.03333333333333,107
"5502","OVEN","302","169","029","Red pine","9",0.628029783053935,0,0.881707336994224,-1.09157675201459,-0.909026851704371,-0.64489007926787,"92",1,2,0,0,1,1,0,0,0,0,0,0,0,2,"2012",54,175,5.75,110
"5507","OVEN","302","169","029","Red pine","9",0.684663948105663,0,1.46492000261015,-0.807109759868518,-1.17040456776284,0.472572038751342,"87",0,4,0,0,4,0,0,0,0,0,0,0,0,4,"2013",62,176,5.43333333333333,111
"5508","OVEN","302","169","029","Red pine","9",0.401493122847024,0,-1.45114332546949,1.46862617730006,-1.28045834294535,-0.365524549763067,"75",1,2,1,1,2,0,1,0,0,0,0,0,1,4,"2008",56,184,5.3,106
"5511","OVEN","302","169","029","Red pine","9",0.571395618002208,0,0.298494671378296,0.615225200861845,-1.34924195243442,1.03130309776095,"84",0,2,0,1,1,1,0,0,0,1,0,0,0,3,"2011",66,181,5.21666666666667,109
"5516","OVEN","302","169","029","Red pine","9",0.51476145295048,0,-0.284717994237633,0.330758208715772,-1.26670162104754,-2.32108325629669,"81",0,3,0,3,3,0,0,0,1,1,1,0,0,6,"2010",42,180,5.31666666666667,108
"5528","OVEN","303","169","029","Red pine","9",0.571395618002208,0,0.298494671378296,0.615225200861845,-1.12913440206939,1.31066862726575,"84",0,4,0,0,4,0,0,0,0,0,0,0,0,4,"2011",68,181,5.48333333333333,109
"5530","OVEN","303","169","029","Red pine","9",0.51476145295048,0,-0.284717994237633,0.330758208715772,-1.08786423637595,-2.18140049154429,"81",0,2,1,3,2,0,1,0,2,0,0,1,0,6,"2010",43,180,5.53333333333333,108
"5535","OVEN","303","169","029","Red pine","9",0.684663948105663,0,1.46492000261015,-0.807109759868518,-0.936540295499999,0.472572038751342,"87",0,3,3,0,3,0,2,1,0,0,0,0,0,6,"2013",62,176,5.71666666666667,111
"5536","OVEN","303","169","029","Red pine","9",0.401493122847024,0,-1.45114332546949,1.46862617730006,-1.47305244951475,0.0535237444941372,"76",1,5,0,0,4,1,0,0,0,0,0,0,0,5,"2008",59,184,5.06666666666667,106
"5537","OVEN","303","169","029","Red pine","9",0.628029783053935,0,0.881707336994224,-1.09157675201459,-0.578865526156835,-0.0861590202582643,"92",1,3,0,0,3,0,0,0,0,0,0,0,0,3,"2012",58,175,6.15,110
"6189","OVEN","349","206","029","Red pine","9",-0.561287683032346,0,-0.284717994237633,-0.238175775576373,-0.386271419587439,0.472572038751342,"85",1,0,1,0,0,0,0,1,0,0,0,0,0,1,"2010",62,178,6.38333333333333,89
"6191","OVEN","349","206","029","Red pine","9",-0.391385187877163,0,1.46492000261015,-1.37604374416066,-0.771459632726231,1.03130309776095,"84",0,3,1,0,3,0,1,0,0,0,0,0,0,4,"2013",66,174,5.91666666666667,92
"6192","OVEN","349","206","029","Red pine","9",-0.448019352928891,0,0.881707336994224,-0.238175775576373,-0.0836235378355309,0.193206509246539,"91",1,2,2,0,2,0,0,2,0,0,0,0,0,4,"2012",60,178,6.75,91
"6193","OVEN","349","206","029","Red pine","9",-0.617921848084074,0,-0.867930659853561,-0.522642767722446,-0.867756686010929,-0.924255608772674,"80",1,2,1,0,2,0,0,1,0,0,0,0,0,3,"2009",52,177,5.8,88
"6199","OVEN","349","206","029","Red pine","9",-0.504653517980618,0,0.298494671378296,-1.09157675201459,-0.317487810098369,-1.62266943253468,"79",0,2,0,0,2,0,0,0,0,0,0,0,0,2,"2011",47,175,6.46666666666667,90
"6201","OVEN","349","206","029","Red pine","9",-0.674556013135801,0,-1.45114332546949,0.899692193007918,-0.0561100940399031,-0.90219222753015,"79",1,1,0,1,1,0,0,0,0,0,1,0,0,2,"2008",52.1579534975674,182,6.78333333333333,87
"6210","OVEN","350","206","029","Red pine","9",-0.674556013135801,0,-1.45114332546949,0.899692193007918,0.136484012529493,-0.803705814965269,"79",1,1,0,0,1,0,0,0,0,0,0,0,0,1,"2008",52.8630255423501,182,7.01666666666667,87
"6213","OVEN","350","206","029","Red pine","9",-0.617921848084074,0,-0.867930659853561,-0.522642767722446,-0.688919301339347,-0.784572844020272,"80",1,2,0,1,2,0,0,0,0,0,1,0,0,3,"2009",53,177,6.01666666666667,88
"6214","OVEN","350","206","029","Red pine","9",-0.391385187877163,0,1.46492000261015,-1.37604374416066,-0.551352082361207,1.17098586251335,"84",0,3,1,0,3,0,1,0,0,0,0,0,0,4,"2013",67,174,6.18333333333333,92
"6221","OVEN","350","206","029","Red pine","9",-0.448019352928891,0,0.881707336994224,-0.238175775576373,0.122727290631679,0.33288927399894,"91",1,2,0,0,2,0,0,0,0,0,0,0,0,2,"2012",61,178,7,91
"6222","OVEN","350","206","029","Red pine","9",-0.561287683032346,0,-0.284717994237633,-0.238175775576373,-0.193677313018043,0.472572038751342,"85",1,1,0,0,1,0,0,0,0,0,0,0,0,1,"2010",62,178,6.61666666666667,89
"6224","OVEN","350","206","029","Red pine","9",-0.504653517980618,0,0.298494671378296,-1.09157675201459,-0.138650425426787,-1.62266943253468,"79",0,1,0,0,1,0,0,0,0,0,0,0,0,1,"2011",47,175,6.68333333333333,90
"6233","OVEN","351","206","029","Red pine","9",-0.504653517980618,0,0.298494671378296,-1.09157675201459,0.0677004030404232,-1.62266943253468,"79",0,2,0,2,1,1,0,0,1,0,0,1,0,4,"2011",47,175,6.93333333333333,90
"6235","OVEN","351","206","029","Red pine","9",-0.617921848084074,0,-0.867930659853561,-0.522642767722446,-0.496325194769951,-0.64489007926787,"80",1,4,1,0,2,2,1,0,0,0,0,0,0,5,"2009",54,177,6.25,88
"6237","OVEN","351","206","029","Red pine","9",-0.561287683032346,0,-0.284717994237633,-0.238175775576373,-0.0148399283464612,0.472572038751342,"85",1,3,0,0,3,0,0,0,0,0,0,0,0,3,"2010",62,178,6.83333333333333,89
"6238","OVEN","351","206","029","Red pine","9",-0.448019352928891,0,0.881707336994224,-0.238175775576373,0.356591562894517,0.472572038751342,"91",1,2,1,0,1,1,0,1,0,0,0,0,0,3,"2012",62,178,7.28333333333333,91
"6241","OVEN","351","206","029","Red pine","9",-0.391385187877163,0,1.46492000261015,-1.37604374416066,-0.345001253893997,1.17098586251335,"84",0,2,0,1,2,0,0,0,0,0,1,0,0,3,"2013",67,174,6.43333333333333,92
"6243","OVEN","351","206","029","Red pine","9",-0.674556013135801,0,-1.45114332546949,0.899692193007918,0.342834840996703,-0.698184658645754,"79",1,2,0,1,2,0,0,0,0,0,1,0,0,3,"2008",53.6184598760459,182,7.26666666666667,87
"6252","OVEN","352","207","029","Red pine","9",-0.617921848084074,0,-0.867930659853561,-0.522642767722446,0.315321397201075,-0.0861590202582643,"80",1,1,0,1,1,0,0,0,0,1,0,0,0,2,"2009",58,177,7.23333333333333,88
"6255","OVEN","352","207","029","Red pine","9",-0.561287683032346,0,-0.284717994237633,-0.238175775576373,0.879346995011449,0.751937568256145,"85",1,1,1,1,1,0,0,1,0,0,1,0,0,3,"2010",64,178,7.91666666666667,89
"6256","OVEN","352","207","029","Red pine","9",-0.391385187877163,0,1.46492000261015,-1.37604374416066,0.879346995011449,1.59003415677055,"84",0,0,0,0,0,0,0,0,0,0,0,0,0,0,"2013",70,174,7.91666666666667,92
"6257","OVEN","352","207","029","Red pine","9",-0.504653517980618,0,0.298494671378296,-1.09157675201459,-0.743946188930603,-1.62266943253468,"79",0,2,0,0,0,2,0,0,0,0,0,0,0,2,"2011",47,175,5.95,90
"6260","OVEN","352","207","029","Red pine","9",-0.674556013135801,0,-1.45114332546949,0.899692193007918,1.36083226143494,-0.177613620802813,"79",1,1,0,1,1,0,0,0,0,1,0,0,0,2,"2008",57.3452692556117,182,8.5,87
"6263","OVEN","352","207","029","Red pine","9",-0.448019352928891,0,0.881707336994224,-0.238175775576373,1.36083226143494,1.17098586251335,"91",1,1,0,2,1,0,0,0,0,1,1,0,0,3,"2012",67,178,8.5,91
"6265","OVEN","353","207","029","Red pine","9",-0.561287683032346,0,-0.284717994237633,-0.238175775576373,0.631726000850797,0.751937568256145,"85",1,0,0,1,0,0,0,0,0,0,1,0,0,1,"2010",64,178,7.61666666666667,89
"6267","OVEN","353","207","029","Red pine","9",-0.674556013135801,0,-1.45114332546949,0.899692193007918,1.09945454537647,-0.311273752140866,"79",1,2,0,0,2,0,0,0,0,0,0,0,0,2,"2008",56.3883857662638,182,8.18333333333333,87
"6270","OVEN","353","207","029","Red pine","9",-0.617921848084074,0,-0.867930659853561,-0.522642767722446,0.0952138468360511,-0.365524549763067,"80",1,4,0,0,4,0,0,0,0,0,0,0,0,4,"2009",56,177,6.96666666666667,88
"6280","OVEN","353","207","029","Red pine","9",-0.391385187877163,0,1.46492000261015,-1.37604374416066,0.672996166544239,1.45035139201815,"84",0,1,0,0,1,0,0,0,0,0,0,0,0,1,"2013",69,174,7.66666666666667,92
"6281","OVEN","353","207","029","Red pine","9",-0.504653517980618,0,0.298494671378296,-1.09157675201459,-0.977810461193441,-1.90203496203948,"79",0,0,0,1,0,0,0,0,0,0,1,0,0,1,"2011",45,175,5.66666666666667,90
"6283","OVEN","353","207","029","Red pine","9",-0.448019352928891,0,0.881707336994224,-0.238175775576373,1.09945454537647,1.03130309776095,"91",1,2,0,0,1,1,0,0,0,0,0,0,0,2,"2012",66,178,8.18333333333333,91
"6287","OVEN","354","207","029","Red pine","9",-0.617921848084074,0,-0.867930659853561,-0.522642767722446,-0.0973802597333449,-0.64489007926787,"80",1,1,0,2,0,1,0,0,1,0,0,1,0,3,"2009",54,177,6.73333333333333,88
"6289","OVEN","354","207","029","Red pine","9",-0.391385187877163,0,1.46492000261015,-1.37604374416066,0.439131894281401,1.31066862726575,"84",0,0,0,0,0,0,0,0,0,0,0,0,0,0,"2013",68,174,7.38333333333333,92
"6290","OVEN","354","207","029","Red pine","9",-0.504653517980618,0,0.298494671378296,-1.09157675201459,-1.22543145535409,-1.62266943253468,"79",0,2,0,1,2,0,0,0,0,0,1,0,0,3,"2011",47,175,5.36666666666667,90
"6294","OVEN","354","207","029","Red pine","9",-0.561287683032346,0,-0.284717994237633,-0.238175775576373,0.411618450485773,0.751937568256145,"85",1,1,0,0,1,0,0,0,0,0,0,0,0,1,"2010",64,178,7.35,89
"6296","OVEN","354","207","029","Red pine","9",-0.674556013135801,0,-1.45114332546949,0.899692193007918,0.85183355121582,-0.437899139724285,"79",1,1,0,0,1,0,0,0,0,0,0,0,0,1,"2008",55.4818645658288,182,7.88333333333333,87
"6302","OVEN","354","207","029","Red pine","9",-0.448019352928891,0,0.881707336994224,-0.238175775576373,0.838076829318007,0.751937568256145,"91",1,1,1,0,1,0,1,0,0,0,0,0,0,2,"2012",64,178,7.86666666666667,91
